sex,name,nickname
1,aaron,aaran
1,aaron,aron
1,aaron,arron
1,abel,able
1,abiel,abial
1,abraham,ab
1,abraham,abb
1,abraham,abe
1,abraham,aberham
1,abraham,abm
1,abraham,abr
1,abraham,abra
1,abraham,abrah
1,abraham,abrahan
1,abraham,abrahm
1,abraham,abreham
1,abraham,abrham
1,abraham,abriham
1,abram,abrm
1,abram,abrom
1,abram,abrum
1,absalom,absalum
1,absalom,abslom
1,absalom,absolam
1,absalom,absolem
1,absalom,absolom
1,achilles,achille
1,adam,adams
1,adam,addam
1,addison,adison
1,adelaide,addie
1,adelaide,adie
1,adelbert,adalbert
1,adelbert,adebert
1,adolph,adolf
1,adolph,adolfo
1,adolph,adolfus
1,adolph,adolp
1,adolph,adolphas
1,adolph,adolphe
1,adolph,adolphis
1,adolph,adolpho
1,adolph,adolphus
1,adolph,adolpus
1,adolph,adoph
1,adolph,dolphus
1,adrian,adrain
1,adrian,adrien
1,alan,alen
1,alan,alin
1,alan,allan
1,alan,allen
1,alan,allin
1,albert,abert
1,albert,al
1,albert,albertis
1,albert,alberto
1,albert,albertus
1,albert,albet
1,albert,albrecht
1,albert,albrt
1,albert,albt
1,albert,alburt
1,albert,alburtis
1,albert,alburtus
1,albion,albon
1,alexander,alax
1,alexander,alaxander
1,alexander,alec
1,alexander,aleck
1,alexander,alek
1,alexander,alex
1,alexander,alexan
1,alexander,alexand
1,alexander,alexanderjr
1,alexander,alexandre
1,alexander,alexandrew
1,alexander,alexandria
1,alexander,alexr
1,alexander,alic
1,alexander,alick
1,alexander,alix
1,alexander,alixander
1,alexander,alleck
1,alexander,allex
1,alexander,allexander
1,alexander,alx
1,alexander,alxander
1,alexander,elaxander
1,alexander,elec
1,alexander,elex
1,alexander,elexander
1,alfred,afred
1,alfred,alf
1,alfred,alferd
1,alfred,alfered
1,alfred,alfert
1,alfred,alfredo
1,alfred,alfrid
1,alfred,alpherd
1,alfred,alphred
1,alfred,stalfred
1,algernon,algenon
1,alicia,elisah
1,alicia,elish
1,alicia,elishia
1,almo,stalmo
1,alois,aloys
1,alonzo,alanzo
1,alonzo,alenzo
1,alonzo,alonso
1,alonzo,alonza
1,alonzo,alozo
1,alonzo,elonza
1,alonzo,elonzo
1,alonzo,lon
1,alonzo,loni
1,alonzo,lonie
1,alonzo,lonnie
1,alonzo,lonny
1,alonzo,lonza
1,alonzo,lonzo
1,alonzo,olonzo
1,alpha,alfa
1,alphaeus,alpheus
1,alphaeus,alphius
1,alphaeus,alphus
1,alphonso,alfons
1,alphonso,alfonse
1,alphonso,alfonzo
1,alphonso,alphons
1,alphonso,alphonse
1,alphonso,alphonsus
1,alphonso,alphonzo
1,alvah,alvy
1,alvin,alvan
1,alvin,alven
1,ambrose,ambroise
1,ambrose,ambros
1,amos,amous
1,amos,amus
1,ananias,annanias
1,ananias,annias
1,anastasio,anastacio
1,andreas,andres
1,andreas,andrias
1,andreas,andrus
1,andrew,adrew
1,andrew,and
1,andrew,andew
1,andrew,andey
1,andrew,andie
1,andrew,andr
1,andrew,andrews
1,andrew,androw
1,andrew,andru
1,andrew,andrue
1,andrew,andrw
1,andrew,andw
1,andrew,andy
1,andrew,standrew
1,ange,stange
1,anna,stanna
1,ansel,ancel
1,ansel,ancil
1,anthony,ant
1,anthony,anthany
1,anthony,anthny
1,anthony,anthon
1,anthony,anthoney
1,anthony,antney
1,anthony,antny
1,anthony,anto
1,anthony,antoin
1,anthony,antoine
1,anthony,anton
1,anthony,antona
1,anthony,antone
1,anthony,antoney
1,anthony,antoni
1,anthony,antonie
1,anthony,antony
1,anthony,antwine
1,anthony,athony
1,anthony,tone
1,anthony,toney
1,anthony,toni
1,anthony,tonie
1,anthony,tony
1,aquilla,aquila
1,archibald,arch
1,archibald,archa
1,archibald,archabald
1,archibald,archable
1,archibald,archbald
1,archibald,archd
1,archibald,arche
1,archibald,archebald
1,archibald,archey
1,archibald,archibal
1,archibald,archible
1,archibald,archibold
1,archibald,archie
1,archibald,archy
1,armand,armond
1,arnold,arne
1,arnold,arni
1,arnold,arnie
1,arnold,arno
1,artemas,artemus
1,arthur,art
1,arthur,arter
1,arthur,arthar
1,arthur,arther
1,arthur,arthor
1,arthur,artie
1,arthur,artur
1,arthur,arty
1,arthur,athur
1,arthur,aurther
1,arthur,aurthur
1,arthur,authur
1,asbury,asberry
1,asbury,asbery
1,ashley,ashly
1,aubrey,aubry
1,augusttus,staugusttus
1,augustus,agust
1,augustus,agusta
1,augustus,agustas
1,augustus,agustin
1,augustus,agustine
1,augustus,agustus
1,augustus,aug
1,augustus,augest
1,augustus,augst
1,augustus,augt
1,augustus,augus
1,augustus,august
1,augustus,augusta
1,augustus,augustas
1,augustus,auguste
1,augustus,augustes
1,augustus,augustin
1,augustus,augustine
1,augustus,augustis
1,augustus,gus
1,augustus,guss
1,augustus,gussie
1,augustus,gust
1,augustus,gustus
1,augustus,staugustine
1,austin,austen
1,austin,auston
1,bailey,baily
1,baltazar,balthasar
1,barnaba,barnabasr
1,barnabas,barna
1,barnabas,barnabus
1,barney,barnie
1,barney,barny
1,bartholomew,bart
1,bartholomew,barth
1,bartholomew,bartholamew
1,bartholomew,bartholemew
1,bartholomew,bartholmew
1,bartholomew,bartie
1,bartholomew,barto
1,basil,basel
1,basil,bazel
1,basil,bazil
1,benedict,benedick
1,benjamin,bejamin
1,benjamin,ben
1,benjamin,bengaman
1,benjamin,bengamin
1,benjamin,bengamine
1,benjamin,bengeman
1,benjamin,bengiman
1,benjamin,bengman
1,benjamin,benie
1,benjamin,benj
1,benjamin,benja
1,benjamin,benjam
1,benjamin,benjaman
1,benjamin,benjamen
1,benjamin,benjamine
1,benjamin,benjamon
1,benjamin,benjeman
1,benjamin,benjemin
1,benjamin,benjiman
1,benjamin,benjimen
1,benjamin,benjimin
1,benjamin,benjimine
1,benjamin,benjm
1,benjamin,benjman
1,benjamin,benjmin
1,benjamin,benjmine
1,benjamin,benjmon
1,benjamin,benjn
1,benjamin,benjr
1,benjamin,benn
1,benjamin,benney
1,benjamin,bennie
1,benjamin,benno
1,benjamin,benny
1,benjamin,beny
1,bennett,benett
1,bennett,bennet
1,bentley,bent
1,bentley,bently
1,bernard,barnard
1,bernard,benard
1,bernard,bernardo
1,bernard,bernerd
1,bernard,bernie
1,bernard,berny
1,bernard,burnard
1,bernard,burnie
1,bernhard,barnhard
1,bernhard,barnhardt
1,bernhard,barnhart
1,bernhard,benhard
1,bernhard,benhart
1,bernhard,bernhardt
1,bernhard,bernhart
1,berry,bery
1,bert,berta
1,bert,bertie
1,bert,bertis
1,bert,berttie
1,bert,birt
1,bert,birtie
1,bert,birty
1,bert,burt
1,bert,burtie
1,bertram,bertran
1,bertram,bertrum
1,beverly,bevely
1,beverly,beverley
1,bismarck,bismark
1,bolivar,boliver
1,boone,boon
1,bradley,brad
1,bryant,briant
1,burton,berton
1,burton,burten
1,byron,biron
1,byron,byram
1,caesar,ceasar
1,caesar,ceaser
1,caesar,ceasor
1,caesar,cesar
1,caesar,cesario
1,caesar,cezar
1,cair,stcair
1,caleb,calab
1,caleb,calib
1,caleb,calob
1,caleb,calup
1,calvin,cal
1,calvin,call
1,calvin,callie
1,calvin,cally
1,calvin,calvan
1,calvin,calven
1,calvin,colvin
1,cameron,cam
1,camilla,camile
1,care,stcare
1,carey,carrie
1,carey,carry
1,caroline,cary
1,carroll,carel
1,carroll,carol
1,carroll,caroll
1,carroll,carrol
1,casper,caspar
1,casper,kasper
1,cassius,cas
1,cassius,cashus
1,cassius,casius
1,cassius,cass
1,cassius,cassus
1,catherine,kay
1,celia,seeley
1,celia,seely
1,cephas,cephus
1,chan,chanfan
1,charles,carl
1,charles,carle
1,charles,carles
1,charles,carley
1,charles,carlie
1,charles,carlos
1,charles,carly
1,charles,ch
1,charles,cha
1,charles,chales
1,charles,chalie
1,charles,chals
1,charles,char
1,charles,charels
1,charles,chares
1,charles,charl
1,charles,charle
1,charles,charless
1,charles,charley
1,charles,charlie
1,charles,charlis
1,charles,charls
1,charles,charly
1,charles,chars
1,charles,chas
1,charles,chls
1,charles,chrles
1,charles,chs
1,charles,chuck
1,charles,karl
1,chauncey,chance
1,chauncey,chancey
1,chauncey,chancy
1,chauncey,channcy
1,chauncey,chauncy
1,chester,ches
1,chester,chess
1,chin,chinlen
1,chong,stchong
1,christian,christan
1,christian,christina
1,christian,christion
1,christian,cristian
1,christine,christain
1,christine,christean
1,christine,christen
1,christine,christn
1,christine,christon
1,christopher,chistopher
1,christopher,chris
1,christopher,chriss
1,christopher,christ
1,christopher,christie
1,christopher,christifer
1,christopher,christin
1,christopher,christof
1,christopher,christofer
1,christopher,christoff
1,christopher,christoffer
1,christopher,christoper
1,christopher,christoph
1,christopher,christophe
1,christopher,christpher
1,christopher,christy
1,christopher,cris
1,christopher,criss
1,christopher,crist
1,christopher,cristopher
1,christopher,kit
1,christopher,kitt
1,cicero,cisero
1,clai,stclai
1,claiborne,clabe
1,claiborne,claborn
1,claiborne,claborne
1,claiborne,claiborn
1,claiborne,clayborn
1,claiborne,clayborne
1,claiborne,clayburn
1,clain,stclain
1,claior,stclaior
1,clair,saintclair
1,clair,stclair
1,claire,clare
1,claire,saintclare
1,claire,stclaire
1,claire,stclare
1,clara,stclara
1,clarence,claranc
1,clarence,clarance
1,clarence,clarenc
1,clarence,clarince
1,clarence,clarnce
1,clarence,clarrance
1,clarence,clarrence
1,clari,stclari
1,claude,claud
1,claude,clauda
1,claude,claudie
1,claude,claudus
1,claude,claudy
1,claude,stclaud
1,clayton,claton
1,clear,stclear
1,clement,clem
1,clement,clemant
1,clement,clemence
1,clement,clemente
1,clement,clements
1,clement,clemment
1,clement,clemont
1,clifford,cliff
1,clifford,cliford
1,clinton,clint
1,clinton,clinten
1,cloud,stcloud
1,clyde,clide
1,clyde,cloyd
1,coleman,colman
1,colombe,stcolombe
1,columbus,collumbus
1,columbus,colombus
1,commodore,commadore
1,commodore,comodore
1,conn,con
1,conrad,conard
1,conrad,conrod
1,conrad,coonrad
1,conrad,coonrod
1,conrad,konrad
1,constantine,constant
1,corey,corry
1,corey,cory
1,cornelius,carnelius
1,cornelius,conelius
1,cornelius,cornealus
1,cornelius,corneilius
1,cornelius,corneilus
1,cornelius,cornelas
1,cornelius,corneleus
1,cornelius,cornelias
1,cornelius,cornelious
1,cornelius,cornelis
1,cornelius,cornelous
1,cornelius,corneluis
1,cornelius,cornelus
1,cornelius,cornielus
1,cornelius,cornilius
1,crawford,crofford
1,croix,stcroix
1,crowling,stcrowling
1,cud,cudjr
1,curtis,curt
1,curtis,curtice
1,curtis,curtiss
1,curtis,curtus
1,cyr,saintcyr
1,cyr,stcyr
1,cyril,cyrille
1,cyrus,cirus
1,cyrus,cyras
1,cyrus,siras
1,cyrus,syrus
1,dallas,dallis
1,daniel,daiel
1,daniel,dan
1,daniel,danel
1,daniel,danial
1,daniel,danie
1,daniel,daniell
1,daniel,danil
1,daniel,danl
1,daniel,dann
1,daniel,dannel
1,daniel,dannie
1,daniel,danniel
1,daniel,dannil
1,daniel,danny
1,daniel,danuel
1,daniel,jf
1,darius,darias
1,darius,derias
1,darius,derius
1,david,dav
1,david,dave
1,david,daved
1,david,davey
1,david,davidh
1,david,davie
1,david,davied
1,david,davies
1,david,davy
1,decatur,decater
1,decatur,decator
1,dempsey,demps
1,denise,stdenise
1,dennis,denis
1,dennis,dennes
1,dennis,dennie
1,dennis,denny
1,dennis,dinnis
1,dennis,stdenis
1,derrick,derick
1,devon,stdevon
1,dewitt,dewit
1,dietrich,dederick
1,dietrich,dedrick
1,dietrich,deidrich
1,dietrich,detrick
1,dietrich,diedrich
1,dietrich,diedrick
1,dominic,dom
1,dominic,domenick
1,dominic,dominick
1,dominic,domnick
1,donald,don
1,donald,donnie
1,dorothy,dora
1,douglas,douglass
1,douglas,dug
1,douglas,duglas
1,douglas,duglass
1,drew,drue
1,drury,drewry
1,dudley,dudly
1,dura,durac
1,dwight,dewight
1,earl,earle
1,earl,erl
1,earl,erle
1,earnest,earnst
1,ebenezer,ebeneezer
1,ebenezer,ebenezar
1,ebenezer,ebinezer
1,edgar,edgard
1,edgar,edger
1,edgar,egar
1,edmund,edman
1,edmund,edmand
1,edmund,edmon
1,edmund,edmond
1,edmund,edmun
1,edna,edney
1,edward,ed
1,edward,edd
1,edward,edde
1,edward,eddey
1,edward,eddie
1,edward,eddward
1,edward,eddy
1,edward,edie
1,edward,edouard
1,edward,eduard
1,edward,eduward
1,edward,edvard
1,edward,edw
1,edward,edwad
1,edward,edwar
1,edward,edwardo
1,edward,edwards
1,edward,edwart
1,edward,edwd
1,edward,edwerd
1,edward,edword
1,edward,edwrd
1,edward,edy
1,edward,esqedie
1,edward,eward
1,edward,ewd
1,edward,ned
1,edward,neddie
1,edwin,edwan
1,eger,steger
1,eleazar,eleazer
1,eli,ely
1,elias,ellias
1,elihu,elihue
1,elijah,elia
1,elijah,eliah
1,elijah,eliga
1,elijah,eligah
1,elijah,eligha
1,elijah,eligia
1,elijah,eliha
1,elijah,elija
1,elijah,lige
1,eliphelet,eliphalet
1,elizabeth,eliza
1,elizabeth,elizah
1,elizabeth,elza
1,elizabeth,elzie
1,elizabeth,elzy
1,elkanah,elkana
1,elliot,eliot
1,elliot,eliott
1,elliot,elliott
1,ellis,elis
1,elmer,almer
1,elmer,ellmer
1,elmer,elmar
1,elmer,elmor
1,elmer,stelmor
1,elmo,elma
1,elmo,saint
1,elmo,stelma
1,elmo,stelmo
1,elmon,stelmon
1,elmore,saintelmore
1,elmore,stelmore
1,elms,stelms
1,elwin,alwin
1,emerson,emmerson
1,emery,amory
1,emery,em
1,emery,emory
1,emery,emry
1,emil,ameil
1,emil,amiel
1,emil,amil
1,emil,amile
1,emil,emel
1,emil,emiel
1,emil,emile
1,emil,emille
1,emil,emmil
1,emmanuel,amanuel
1,emmanuel,emanel
1,emmanuel,emaniel
1,emmanuel,emanual
1,emmanuel,emanuel
1,emmanuel,emanul
1,emmanuel,immanuel
1,emmanuel,mannie
1,emmanuel,manny
1,emmanuel,manuel
1,emmet,emet
1,emmet,emett
1,emmet,emit
1,emmet,emitt
1,emmet,emmett
1,emmet,emmit
1,emmet,emmitt
1,enoch,enick
1,enoch,enoc
1,enoch,enock
1,ephraim,ephram
1,ephraim,ephrem
1,ephraim,ephriam
1,ephraim,ephrim
1,ephraim,ephrum
1,ephraim,epraim
1,erasmus,rasmus
1,eric,erich
1,eric,erick
1,eric,erik
1,eric,errick
1,ernest,earnest
1,ernest,earnist
1,ernest,ernast
1,ernest,erneste
1,ernest,ernie
1,ernest,ernist
1,ernest,ernst
1,erskine,erskin
1,erwin,erven
1,esau,esaw
1,ethan,eathan
1,ethan,ethen
1,eugene,eug
1,eugene,eugean
1,eugene,eugen
1,eugene,eugenia
1,eugene,eugenie
1,eugene,eugenio
1,eugene,eugine
1,eugene,eugne
1,eugene,euguene
1,eugene,eugune
1,eugene,eujene
1,eugene,gene
1,eugene,genie
1,eugene,jene
1,eugene,ugene
1,eunice,enis
1,eusebius,eusebe
1,eusebius,eusebio
1,eustace,estus
1,evan,evans
1,evan,even
1,evan,evin
1,everett,everet
1,everett,everitt
1,everett,evertt
1,everett,evrett
1,ezekiel,ezekel
1,ezekiel,ezekial
1,ezekiel,ezkiel
1,ezekiel,zeke
1,ezra,esra
1,ezra,ezera
1,faustino,faustin
1,felix,felex
1,felix,felis
1,felix,feliz
1,felix,phelix
1,ferdinand,ferd
1,ferdinand,ferdanand
1,ferdinand,ferdenand
1,ferdinand,ferdinad
1,ferdinand,ferdinan
1,ferdinand,ferdinant
1,ferdinand,ferdnand
1,ferdinand,fernand
1,ferdinand,fernando
1,ferdinand,fredinand
1,feugos,stfeugos
1,fillmore,philmore
1,firmin,ferman
1,firmin,fermin
1,firmin,firman
1,flavius,flavious
1,fletcher,flecher
1,florence,florance
1,floyd,floid
1,floyd,floyed
1,forrest,forest
1,fountain,fount
1,frank,fancis
1,frank,fank
1,frank,fracis
1,frank,frak
1,frank,franc
1,frank,france
1,frank,frances
1,frank,francies
1,frank,francis
1,frank,franck
1,frank,frankdr
1,frank,franke
1,frank,frankey
1,frank,frankie
1,frank,franky
1,frank,frans
1,frank,fransis
1,frank,frantz
1,frank,franz
1,frank,stfrancis
1,franklin,fraklin
1,franklin,frankin
1,franklin,franklen
1,franklin,frankline
1,franklin,frankling
1,franklin,franklyn
1,franklin,franlin
1,frederick,fed
1,frederick,federick
1,frederick,federico
1,frederick,fedric
1,frederick,fedrick
1,frederick,frd
1,frederick,fread
1,frederick,fred
1,frederick,fredc
1,frederick,fredd
1,frederick,freddie
1,frederick,freddy
1,frederick,frede
1,frederick,frederck
1,frederick,fredereck
1,frederick,frederic
1,frederick,frederich
1,frederick,frederik
1,frederick,fredick
1,frederick,fredie
1,frederick,fredirick
1,frederick,fredk
1,frederick,fredr
1,frederick,fredreck
1,frederick,fredric
1,frederick,fredrich
1,frederick,fredrick
1,frederick,fredrik
1,frederick,fredy
1,frederick,frid
1,frederick,friderich
1,frederick,friderick
1,frederick,fridrich
1,frederick,fridrick
1,frederick,friederich
1,frederick,friederick
1,frederick,friedr
1,frederick,friedrich
1,frederick,friedrick
1,freeman,freman
1,fremont,freemont
1,gabriel,gabe
1,gabriel,gabrel
1,gabriel,gabrial
1,gabriel,gabril
1,garrett,garet
1,garrett,garret
1,garrett,garrit
1,garrett,gerrit
1,gary,garry
1,geoege,stgeoege
1,george,geo
1,george,geoge
1,george,geor
1,george,geore
1,george,georg
1,george,georga
1,george,georges
1,george,georgia
1,george,georgie
1,george,gerge
1,george,geroge
1,george,goerge
1,george,gorge
1,george,jeorge
1,george,stgeorg
1,george,stgeorge
1,george,stgeorges
1,gerald,gerry
1,gerald,jary
1,gerald,jerald
1,gerald,jerrie
1,gerald,jery
1,gideon,gid
1,gideon,giddeon
1,gideon,gidion
1,gilbert,gelbert
1,gilbert,gil
1,giles,jiles
1,glenn,glen
1,godfrey,godfred
1,godfrey,godfried
1,godfrey,godfry
1,godfrey,gotfried
1,godfrey,gottfred
1,gordon,gordan
1,gordon,gorden
1,gordon,grdon
1,gottlieb,godlieb
1,gottlieb,gotleb
1,gottlieb,gotleib
1,gottlieb,gotlib
1,gottlieb,gotlieb
1,gottlieb,gottleib
1,gottlieb,gottlib
1,gottlieb,gottlob
1,grafton,graftons
1,grant,grantu
1,granville,gran
1,granville,grandville
1,granville,granvil
1,granville,granvill
1,grayson,grey
1,greenberry,greenbery
1,gregory,greg
1,gregory,gregg
1,gregory,gregorio
1,griffin,griff
1,griffith,griffeth
1,gustave,gustaf
1,gustave,gustaff
1,gustave,gustav
1,gustave,gustof
1,gustave,gustoff
1,gustave,gustov
1,gustavus,gustavas
1,gustavus,gustaves
1,gustavus,gustavis
1,gustavus,gustavius
1,ham,hame
1,hamilton,hamelton
1,hampton,hamp
1,hampton,hamton
1,hannibal,hanibal
1,harden,hardin
1,harlan,harland
1,harlan,harlin
1,harlan,harlon
1,harley,harlie
1,harley,harly
1,harold,harald
1,harold,harrold
1,harold,herald
1,harris,haris
1,harrison,harison
1,harrison,harrisson
1,harvey,harva
1,harvey,harve
1,harvey,harvie
1,harvey,harvy
1,harvey,hervey
1,heinrich,heinrick
1,heinrich,henrich
1,heinrich,henrick
1,helmut,helmuth
1,hendrik,hendrick
1,henry,hal
1,henry,hank
1,henry,hanry
1,henry,harey
1,henry,harrey
1,henry,harrie
1,henry,harry
1,henry,hary
1,henry,hen
1,henry,henery
1,henry,heney
1,henry,hennry
1,henry,henny
1,henry,henrey
1,henry,henreyb
1,henry,henri
1,henry,henrie
1,henry,henryr
1,henry,heny
1,henry,herny
1,henry,herry
1,henry,hery
1,herbert,harbert
1,herbert,hebert
1,herbert,herbet
1,herbert,herbie
1,herbert,herburt
1,herbert,herby
1,herbert,hurbert
1,herbert,hurburt
1,herman,herm
1,herman,hermann
1,herman,hermen
1,herman,hermin
1,herman,hermon
1,herman,herrman
1,herman,herrmann
1,herman,hurman
1,herschel,hershal
1,herschel,hershel
1,hezekiah,hesakiah
1,hezekiah,hesekiah
1,hezekiah,hesikiah
1,hezekiah,hez
1,hezekiah,hezakiah
1,hezekiah,hezikiah
1,hezekiah,hezkiah
1,hillary,hilary
1,hillary,hilery
1,hillary,hillery
1,hillary,hillory
1,hillary,hilry
1,hippolyte,hypolite
1,hiram,hi
1,hiram,hirem
1,hiram,hiriam
1,hiram,hirom
1,hiram,hirum
1,hiram,hy
1,hiram,hyram
1,hiram,hyrum
1,horace,harace
1,horace,horas
1,horace,horice
1,horace,horis
1,horace,horrace
1,horace,horrice
1,horace,horris
1,horatio,horatia
1,hosea,hosa
1,hosea,hosey
1,hosea,hosia
1,hosea,hosie
1,howard,haward
1,howard,how
1,howard,howe
1,hudson,hutson
1,hugh,hew
1,hugh,hough
1,hugh,hue
1,hugh,huey
1,hugh,hughey
1,hugh,hughy
1,humphrey,humphry
1,humphrey,umphrey
1,iago,stiago
1,ignatius,ignace
1,ignatius,ignatious
1,ignatius,ignatus
1,ignatius,ignatz
1,ira,irah
1,ira,ire
1,irving,erving
1,isaac,iaac
1,isaac,ike
1,isaac,isaace
1,isaac,isaacjr
1,isaac,isaack
1,isaac,isaak
1,isaac,isac
1,isaac,isacc
1,isaac,isach
1,isaac,isack
1,isaac,isaic
1,isaac,isak
1,isaac,isiac
1,isaac,isic
1,isaac,isick
1,isaac,issaac
1,isaac,issac
1,isadore,isador
1,isadore,isidor
1,isadore,isidro
1,isah,isa
1,isah,isaah
1,isaiah,isiah
1,isam,isom
1,isam,ison
1,isam,isum
1,ishmael,ishmeal
1,israel,isarel
1,israel,iseral
1,israel,isral
1,israel,isreal
1,israel,isrel
1,israel,isrial
1,israel,isriel
1,ivan,ivin
1,ivy,ivey
1,jabez,jabes
1,jabez,jabus
1,jacob,jacb
1,jacob,jackob
1,jacob,jacobe
1,jacob,jacobo
1,jacob,jacop
1,jacob,jacub
1,jacob,jake
1,jacob,jakob
1,jacob,jocob
1,jacques,jaques
1,jago,stjago
1,james,gim
1,james,ja
1,james,jam
1,james,jame
1,james,jamesj
1,james,jamie
1,james,jamis
1,james,jams
1,james,jamy
1,james,janes
1,james,jas
1,james,jeames
1,james,jeams
1,james,jemes
1,james,jim
1,james,jimey
1,james,jimie
1,james,jimmey
1,james,jimmie
1,james,jimmy
1,james,jimy
1,james,jm
1,james,stjames
1,jane,jennie
1,japheth,japhet
1,jared,jarred
1,jared,jarret
1,jason,jasen
1,jasper,jaspar
1,jean,stjean
1,jedediah,jed
1,jedediah,jediah
1,jedidiah,jedediah
1,jefferson,jeferson
1,jeffrey,jef
1,jeffrey,jeff
1,jeffrey,jeffery
1,jeffrey,jeffie
1,jeffrey,jeffry
1,jehiel,jehial
1,jemima,jemmie
1,jephtha,jeptha
1,jeremiah,jeramiah
1,jeremiah,jeremia
1,jeremiah,jerimah
1,jeremiah,jerimiah
1,jeremiah,jermiah
1,jeremiah,jerre
1,jeremiah,jerremiah
1,jeremiah,jerrimiah
1,jeremiah,jerrymiah
1,jerome,gerome
1,jerome,jarome
1,jerome,jerom
1,jesse,jes
1,jesse,jese
1,jesse,jesee
1,jesse,jesey
1,jesse,jesie
1,jesse,jess
1,jesse,jessa
1,jesse,jessee
1,jesse,jessey
1,jesse,jessi
1,jesse,jessie
1,jesse,jessy
1,jesus,jesuss
1,jex,saintjex
1,joachim,joachin
1,joachim,joaquin
1,job,jobe
1,jody,jodie
1,joel,joal
1,joel,joell
1,johann,johan
1,johann,johon
1,johannes,johanas
1,johannes,johanes
1,johannes,johannas
1,john,captjohn
1,john,jac
1,john,jack
1,john,jahn
1,john,jehn
1,john,jhn
1,john,jhon
1,john,jn
1,john,jno
1,john,jnojr
1,john,jock
1,john,johm
1,john,johnc
1,john,johne
1,john,johney
1,john,johnie
1,john,johnjr
1,john,johnn
1,john,johnnd
1,john,johnney
1,john,johnnie
1,john,johnny
1,john,johnrd
1,john,johns
1,john,johnsr
1,john,johny
1,john,jon
1,john,jonn
1,john,jonnie
1,john,jonny
1,john,saintjohn
1,john,stjohn
1,jonah,jona
1,jonah,jonas
1,jonah,jonassr
1,jonathan,johathan
1,jonathan,johnathan
1,jonathan,johnathen
1,jonathan,johnathon
1,jonathan,johnithan
1,jonathan,johnothan
1,jonathan,jonathen
1,jonathan,jonathon
1,jonathan,jonethan
1,jonathan,jonithan
1,jonathan,jonothan
1,jordan,jerdon
1,jordan,jorden
1,jordan,jordon
1,jordan,jourdan
1,jordan,jourden
1,jose,josejesus
1,jose,josew
1,joseph,jaseph
1,joseph,jo
1,joseph,joe
1,joseph,joeph
1,joseph,joeseph
1,joseph,joesph
1,joseph,jos
1,joseph,josaph
1,joseph,josef
1,joseph,josep
1,joseph,josepf
1,joseph,josephe
1,joseph,josephfathr
1,joseph,josephine
1,joseph,josey
1,joseph,josheph
1,joseph,josie
1,joseph,josiph
1,joseph,josoph
1,joseph,jospeh
1,joseph,josph
1,joseph,jrs
1,joseph,saintjoseph
1,joseph,stjoseph
1,joshua,jashua
1,joshua,josh
1,joshua,joshaway
1,joshua,joshuay
1,joshua,josua
1,joshua,josuah
1,josiah,josias
1,julian,jul
1,julian,jule
1,julian,jules
1,julian,julia
1,julian,julien
1,julian,julies
1,julian,july
1,julian,stjulian
1,julian,stjulien
1,julius,juleus
1,julius,julias
1,julius,julio
1,julius,julious
1,julius,julis
1,julius,juluis
1,julius,julus
1,julius,stjulius
1,junius,junious
1,juste,stjuste
1,justin,gustin
1,justin,jus
1,kenneth,keneth
1,kenneth,kenny
1,kirby,kerby
1,klaus,claus
1,klaus,clause
1,klaus,klaas
1,knut,knud
1,knut,knudt
1,knut,knute
1,knut,nute
1,laban,laben
1,laban,labon
1,lacy,lacey
1,lafayette,fayett
1,lafayette,fayette
1,lafayette,lafaett
1,lafayette,lafaette
1,lafayette,lafayet
1,lafayette,lafayett
1,lafayette,lafe
1,lafayette,lafeyette
1,lafayette,lafyett
1,lafayette,lafyette
1,lafayette,layfaett
1,lafayette,layfaette
1,lafayette,layfayett
1,lafayette,layfayette
1,lafayette,layfette
1,landon,landen
1,langford,lang
1,laura,lora
1,laverne,lavern
1,lawrence,larance
1,lawrence,larence
1,lawrence,larrence
1,lawrence,larry
1,lawrence,lary
1,lawrence,laurance
1,lawrence,laurence
1,lawrence,laurens
1,lawrence,law
1,lawrence,lawerence
1,lawrence,lorance
1,lawrence,lorence
1,lawson,lauson
1,leah,lea
1,leander,leeander
1,ledger,stledger
1,lee,leelui
1,lemuel,lamuel
1,lemuel,lem
1,lemuel,lemiel
1,lemuel,lemual
1,lemuel,lemul
1,leon,leona
1,leon,leone
1,leon,leonrev
1,leon,stleon
1,leonard,leanard
1,leonard,leanord
1,leonard,len
1,leonard,lenard
1,leonard,lenn
1,leonard,lennard
1,leonard,lennie
1,leonard,lenny
1,leonard,lenoard
1,leonard,lenord
1,leonard,leny
1,leonard,leo
1,leonhard,leonhardt
1,leonidas,leonadas
1,leonidas,leonadus
1,leonidas,leonides
1,leonidas,leonidus
1,leopold,leapold
1,leopold,lepold
1,leroy,laroy
1,leroy,leeroy
1,leslie,lesley
1,leslie,lesly
1,leslie,lesslie
1,leung,leungchin
1,lewalte,saintlewalte
1,lewis,ii
1,lewis,leuis
1,lewis,lew
1,lewis,lewes
1,lewis,lewey
1,lewis,lewie
1,lewis,lewy
1,lewis,lois
1,lewis,loo
1,lewis,lou
1,lewis,loue
1,lewis,louey
1,lewis,loui
1,lewis,louie
1,lewis,louis
1,lewis,louisc
1,lewis,louise
1,lewis,louismw
1,lewis,louiss
1,lewis,lous
1,lewis,lowis
1,lewis,lu
1,lewis,lue
1,lewis,luey
1,lewis,luie
1,lewis,luis
1,lewis,saintlouis
1,lewis,stlouis
1,lewis,stlue
1,lezer,stlezer
1,lincoln,lincon
1,lindsay,lindsy
1,lindsay,linsey
1,lindsay,linsy
1,lindsay,linzy
1,linus,linas
1,livy,livi
1,lloyd,lloid
1,lloyd,loid
1,lloyd,loyd
1,lloyd,loyed
1,llywelyn,lewellen
1,llywelyn,lewellyn
1,llywelyn,lewuellen
1,llywelyn,lewuellin
1,llywelyn,lewyallen
1,llywelyn,lewyelen
1,llywelyn,lewyelin
1,llywelyn,lewyellan
1,llywelyn,lewyellen
1,llywelyn,lewylin
1,llywelyn,lewyllan
1,llywelyn,lewyllen
1,llywelyn,lewyllin
1,llywelyn,lewyllyn
1,llywelyn,lewylyn
1,llywelyn,lhewlyn
1,llywelyn,llewellyn
1,llywelyn,llewelyn
1,llywelyn,luellen
1,loggen,stloggen
1,loren,laurin
1,loren,loran
1,loren,lorin
1,lorenzo,loranza
1,lorenzo,loranzo
1,lorenzo,lorenso
1,lorenzo,lorentz
1,lorenzo,lorenz
1,lorenzo,lorenza
1,lorenzo,lorenze
1,lorraine,lorain
1,lot,lott
1,lovell,stlovell
1,lucas,lucus
1,lucian,lucien
1,lucian,lucion
1,lucius,lucious
1,lucius,lucuis
1,lucius,lucy
1,ludwig,lud
1,luke,stluke
1,luther,luthur
1,lyman,limon
1,lyndon,lindon
1,madison,maddison
1,malachi,malichi
1,malcolm,malcom
1,malcolm,malcomb
1,malcolm,malcum
1,manasseh,manassa
1,manuel,manoel
1,manuel,manual
1,manuel,manul
1,manus,minus
1,marcellus,marcellas
1,marcellus,marcelus
1,marcellus,marsellus
1,marcus,marc
1,marcus,marcos
1,marcus,marke
1,marcus,markus
1,marcus,stmarcus
1,marion,marian
1,marion,marien
1,marion,marrion
1,mark,stmark
1,marlon,marlin
1,marquis,marques
1,marshall,a  s
1,marshall,abram
1,marshall,ashbury
1,marshall,b  a
1,marshall,b  f
1,marshall,c  p
1,marshall,dn
1,marshall,dock
1,marshall,edgar
1,marshall,gard
1,marshall,gerone
1,marshall,i  i
1,marshall,j  e
1,marshall,j  q
1,marshall,key
1,marshall,laft
1,marshall,lainar
1,marshall,lane
1,marshall,lee
1,marshall,marshal
1,marshall,marshel
1,marshall,marshell
1,marshall,mcd
1,marshall,nay
1,marshall,ney
1,marshall,s  h
1,marshall,s  s
1,marshall,s  t
1,marshall,v  l
1,marshall,woodruff
1,martial,marcial
1,martin,mart
1,martin,martain
1,martin,marten
1,martin,marthin
1,martin,martie
1,martin,marton
1,martin,marty
1,martin,martyn
1,martin,stmartin
1,marvin,marven
1,mary,stmary
1,mathias,mathais
1,mathias,matheas
1,mathias,mathes
1,mathias,mathies
1,mathias,mathis
1,mathias,mathius
1,mathias,matias
1,mathias,matthias
1,mathias,mattias
1,mathias,methias
1,mathue,stmathue
1,matilda,mattie
1,matthew,mat
1,matthew,math
1,matthew,mathew
1,matthew,mathews
1,matthew,mathiew
1,matthew,matt
1,matthew,matthews
1,matthew,mayhew
1,matthew,stmathew
1,matthew,stmatthew
1,maurice,maury
1,maurice,morice
1,maurice,morrice
1,maurice,stmaurice
1,maximilian,max
1,maximilian,maxey
1,maximilian,maxie
1,maximilian,maxime
1,maximilian,maximillian
1,maximilian,maximo
1,maximilian,maxmillian
1,meade,mead
1,melchior,melchor
1,melville,melvil
1,melville,melvill
1,melvin,malvin
1,melvin,mel
1,melvin,melven
1,melvin,melvine
1,meredith,merideth
1,meredith,meridith
1,merle,merleb
1,mervyn,mervin
1,micaiah,micajah
1,michael,machael
1,michael,mic
1,michael,micael
1,michael,mich
1,michael,micha
1,michael,michaiel
1,michael,michail
1,michael,michal
1,michael,michale
1,michael,michall
1,michael,micheal
1,michael,michel
1,michael,michell
1,michael,michial
1,michael,michiel
1,michael,michl
1,michael,michle
1,michael,michul
1,michael,mick
1,michael,mickael
1,michael,mickel
1,michael,micle
1,michael,mik
1,michael,mikael
1,michael,mike
1,michael,mikel
1,michael,mikle
1,millard,milard
1,millard,millerd
1,millard,milliard
1,milton,melton
1,milton,milt
1,milton,milten
1,minor,miner
1,mitchell,mitch
1,mitchell,mitchael
1,mitchell,mitchel
1,monroe,monro
1,monroe,monrow
1,monroe,munro
1,monroe,munroe
1,monroe,munrow
1,montgomery,mont
1,mordecai,mordica
1,morris,moris
1,morris,morriss
1,morrison,morison
1,mortimer,mort
1,mortimer,mortimor
1,mortimer,mortimore
1,morton,mortin
1,moses,mases
1,moses,mose
1,moses,mosses
1,murdoch,murdock
1,murray,murry
1,myron,miron
1,myron,myran
1,nahum,naham
1,napoleon,napolean
1,napoleon,napolian
1,napoleon,napolion
1,napoleon,nepoleon
1,napoleon,nepolian
1,narcissus,narcisse
1,nathan,nathen
1,nathan,nathon
1,nathaniel,nat
1,nathaniel,nate
1,nathaniel,nath
1,nathaniel,nathanael
1,nathaniel,nathanal
1,nathaniel,nathanel
1,nathaniel,nathanial
1,nathaniel,nathanil
1,nathaniel,nathanl
1,nathaniel,nathanuel
1,nathaniel,nathl
1,nathaniel,natt
1,nathaniel,nattie
1,nehemiah,nemiah
1,neil,neal
1,neil,neel
1,neil,neill
1,neil,niel
1,nels,neils
1,nels,nelse
1,nels,niels
1,newton,neuton
1,newton,newt
1,newton,newten
1,newton,nuton
1,nicholas,nic
1,nicholas,nich
1,nicholas,nichlas
1,nicholas,nichlos
1,nicholas,nichol
1,nicholas,nicholaus
1,nicholas,nicholes
1,nicholas,nicholis
1,nicholas,nicholos
1,nicholas,nichols
1,nicholas,nicholus
1,nicholas,nick
1,nicholas,nicklas
1,nicholas,nicklaus
1,nicholas,nicklos
1,nicholas,nickolas
1,nicholas,nickolaus
1,nicholas,niclaus
1,nicholas,nicolas
1,nicholas,nicolaus
1,nicholas,nicolus
1,nils,niles
1,noah,noa
1,noah,noe
1,nolan,noland
1,norman,normon
1,nutton,nuttn
1,obadiah,obe
1,obadiah,obediah
1,obadiah,obid
1,obadiah,obidiah
1,obadiah,obie
1,octavius,octave
1,octavius,octavus
1,olaf,olef
1,olaf,olif
1,olaf,olof
1,olaf,oloff
1,olaf,oluf
1,old,oldsam
1,oliver,olaver
1,oliver,olever
1,oliver,olie
1,oliver,olivar
1,oliver,olive
1,oliver,olivier
1,oliver,olley
1,oliver,ollie
1,oliver,olliver
1,oliver,olly
1,oliver,olover
1,oliver,oly
1,orestes,orestus
1,orlando,olando
1,orlando,orland
1,orlando,orlanda
1,orlando,orlander
1,orrin,orin
1,orrin,oron
1,orrin,orren
1,orson,orison
1,orson,orrison
1,orville,orval
1,orville,orvel
1,orville,orvil
1,orville,orvill
1,oscar,ausker
1,oscar,ocar
1,oscar,osca
1,oscar,oscer
1,oscar,oschar
1,oscar,oscor
1,oscar,oscur
1,oscar,osgar
1,oscar,oska
1,oscar,oskar
1,oscar,osker
1,otis,otes
1,otis,ottis
1,otis,otus
1,otto,otho
1,otto,oto
1,otto,ott
1,otto,otta
1,otto,ottie
1,otto,ottoe
1,ovid,ovide
1,owen,owin
1,paris,parris
1,parker,park
1,pascal,paschal
1,pascal,pasqual
1,patrick,pat
1,patrick,paterick
1,patrick,patk
1,patrick,patr
1,patrick,patric
1,patrick,patrich
1,patrick,patrik
1,patrick,patrk
1,patrick,pats
1,patrick,patsey
1,patrick,patsy
1,patrick,patt
1,patrick,pattrick
1,patrick,stpatrick
1,paul,pall
1,paul,saintpaul
1,paul,stpaul
1,paulino,paulin
1,pearl,pearley
1,pearl,pearly
1,pearl,perl
1,pearl,purley
1,percy,percey
1,percy,percie
1,percy,persey
1,percy,persy
1,pere,stpere
1,peree,stperee
1,perry,perrey
1,perry,perrie
1,perry,pery
1,peter,pater
1,peter,peater
1,peter,peder
1,peter,peeter
1,peter,pete
1,peter,petre
1,peter,petter
1,peter,pier
1,peter,pieter
1,peter,stpeeter
1,peter,stpeter
1,peyton,payton
1,philander,filander
1,philip,fill
1,philip,phil
1,philip,philep
1,philip,philiph
1,philip,philipp
1,philip,philips
1,philip,phill
1,philip,phillip
1,philip,phillipp
1,philip,phillop
1,philip,philop
1,philip,philup
1,phineas,finus
1,phineas,phineus
1,phineas,phinias
1,pierre,stpierre
1,piet,pietjr
1,pinckney,pinkny
1,pleasant,pleas
1,pleasant,pleasent
1,pleasant,ples
1,pleasant,plesant
1,pliny,pliney
1,poeter,peter
1,pompey,pomp
1,pompey,pompy
1,prentice,prentiss
1,presley,presly
1,presley,press
1,presley,pressley
1,presley,pressly
1,proville,stproville
1,pubian,stpubian
1,quentin,quinton
1,quincy,quin
1,quincy,quince
1,raleigh,rollie
1,ralph,ralf
1,randall,randal
1,randall,randle
1,randolph,randol
1,randolph,randolf
1,raphael,rafael
1,raphael,rafe
1,raphael,rafel
1,raphael,raphel
1,raymond,ramon
1,raymond,ramond
1,raymond,ray
1,raymond,raymon
1,reece,rees
1,reed,reid
1,reuben,reuban
1,reuben,reubin
1,reuben,rheuben
1,reuben,rheubin
1,reuben,rhuben
1,reuben,ruban
1,reuben,rube
1,reuben,ruben
1,reuben,rubin
1,reuben,rueben
1,reuben,ruebin
1,reuel,ruel
1,rexford,rex
1,richard,dick
1,richard,dickey
1,richard,ricard
1,richard,ricd
1,richard,rich
1,richard,richart
1,richard,richd
1,richard,richerd
1,richard,richie
1,richard,rick
1,richard,ritchard
1,riley,reily
1,riley,rily
1,riley,ryley
1,robert,bob
1,robert,bobbie
1,robert,bobby
1,robert,rbert
1,robert,rbt
1,robert,rob
1,robert,robart
1,robert,robb
1,robert,robbert
1,robert,robbie
1,robert,rober
1,robert,roberts
1,robert,robertx
1,robert,robet
1,robert,robie
1,robert,robrt
1,robert,robt
1,robert,roby
1,roderick,roderic
1,roderick,rodrick
1,roger,rodger
1,roger,rogers
1,roland,rolan
1,roland,rolen
1,roland,rolla
1,roland,rolland
1,roland,rollen
1,roland,rolley
1,roland,rolly
1,roland,rowland
1,romulus,romulo
1,ronald,ron
1,roscoe,rosco
1,roy,roymw
1,roy,ry
1,roy,saintroy
1,roya,rya
1,rudolph,rodolph
1,rudolph,rodolphus
1,rudolph,rud
1,rudolph,rudolf
1,rudolph,rudolp
1,rudolph,rudy
1,rufus,rufas
1,rufus,ruff
1,rufus,ruffus
1,rufus,ruphus
1,rupert,rubert
1,russell,rus
1,russell,rusel
1,russell,rusell
1,russell,russ
1,russell,russel
1,russell,russle
1,salvador,stsalvador
1,samuel,sam
1,samuel,samd
1,samuel,same
1,samuel,samel
1,samuel,sameul
1,samuel,samey
1,samuel,samie
1,samuel,samiel
1,samuel,samil
1,samuel,saml
1,samuel,sammie
1,samuel,sammuel
1,samuel,sammy
1,samuel,samual
1,samuel,samuell
1,samuel,samuil
1,samuel,samul
1,samuel,samule
1,samuel,samy
1,samuel,sanuel
1,samuel,simuel
1,samuel,sml
1,sanford,sandford
1,sanford,sandy
1,sanford,santford
1,saul,sauel
1,scott,scot
1,seaborn,seabron
1,seaborn,seborn
1,seaborn,seburn
1,sebastian,bastian
1,sebastian,sabastian
1,sebastian,sebastin
1,sebastian,sebastion
1,seymour,semore
1,seymour,semour
1,seymour,seymor
1,seymour,seymore
1,shadrach,shack
1,shadrach,shad
1,shadrach,shade
1,shadrach,shadrack
1,shadrach,shadric
1,shadrach,shadrick
1,shadrach,shed
1,shadrach,shedric
1,shadrach,shedrick
1,shepherd,stshepherd
1,sheridan,sheriden
1,sidney,sydna
1,silas,si
1,silas,siles
1,silas,silus
1,silas,sylus
1,silvanus,sylvanis
1,silvanus,sylvanus
1,silvanus,sylvenus
1,simeon,simion
1,simon,sim
1,simon,siman
1,simon,simen
1,simon,simons
1,simon,symon
1,simpson,simson
1,solomon,salmon
1,solomon,saloman
1,solomon,salomon
1,solomon,solaman
1,solomon,solamon
1,solomon,soleman
1,solomon,solemon
1,solomon,soliman
1,solomon,solimon
1,solomon,sollomon
1,solomon,solmon
1,solomon,solom
1,solomon,soloman
1,solomon,solomen
1,solon,solan
1,solon,solen
1,stanislaus,stanislas
1,stanley,stan
1,stanley,stanly
1,stephen,sephen
1,stephen,steaphen
1,stephen,steaven
1,stephen,stepen
1,stephen,steph
1,stephen,stephan
1,stephen,stephens
1,stephen,stephin
1,stephen,stephn
1,stephen,stevan
1,stephen,steve
1,stephen,steven
1,stephen,stevens
1,stephen,ststephen
1,sterling,stirling
1,stewart,steward
1,stewart,stuard
1,stewart,stuart
1,sullivan,sulivan
1,susan,sue
1,sven,swen
1,sydney,cidney
1,sydney,sid
1,sydney,sidny
1,sydney,sydny
1,sylvester,selvester
1,sylvester,silvester
1,sylvester,sylvesta
1,sylvester,sylvestor
1,taylor,tailor
1,taylor,tayler
1,terence,terrance
1,terence,terrence
1,terence,terry
1,terrence,terance
1,thaddeus,thad
1,thaddeus,thaddius
1,thaddeus,thadeous
1,thaddeus,thadeus
1,thaddeus,thadious
1,thaddeus,thadius
1,thaddeus,thadus
1,theobald,theobold
1,theodore,ted
1,theodore,teddy
1,theodore,teodore
1,theodore,teodoro
1,theodore,the
1,theodore,theador
1,theodore,theadore
1,theodore,thedore
1,theodore,theo
1,theodore,theod
1,theodore,theodor
1,theodore,theodora
1,theodore,theordore
1,theodore,thodore
1,theophilus,theophelus
1,theophilus,theophile
1,theophilus,theopholis
1,theophilus,theopholus
1,theophilus,theopilus
1,theophilus,theopolis
1,theresa,tracey
1,thomas,th
1,thomas,thmas
1,thomas,tho
1,thomas,thom
1,thomas,thoma
1,thomas,thomes
1,thomas,thomis
1,thomas,thommas
1,thomas,thomos
1,thomas,thoms
1,thomas,thonas
1,thomas,thos
1,thomas,ths
1,thomas,tom
1,thomas,tomas
1,thomas,tomey
1,thomas,tomie
1,thomas,tommas
1,thomas,tommie
1,thomas,tommy
1,thomas,tomy
1,thompson,tompson
1,thornton,thorton
1,tillman,tilghman
1,tillman,tilman
1,tillman,tilmon
1,timothy,thimothy
1,timothy,thimoty
1,timothy,tim
1,timothy,timathy
1,timothy,timithy
1,timothy,timothey
1,tobias,tobe
1,tobias,tobie
1,tobias,toby
1,ulrich,ulrick
1,ulysses,ulises
1,ulysses,ulisis
1,ulysses,ulisses
1,ulysses,ulissis
1,ulysses,ulissus
1,ulysses,ulisus
1,ulysses,ulyses
1,ulysses,ulysess
1,ulysses,ulysis
1,ulysses,ulysse
1,ulysses,ulyssis
1,ulysses,ulyssus
1,ulysses,ulysus
1,uriah,urial
1,uriah,urias
1,valentine,val
1,valentine,valantine
1,valentine,valentin
1,valentine,valintine
1,valentine,volentine
1,vernon,vern
1,victor,stvictor
1,victor,vick
1,victor,victorin
1,viles,stviles
1,ville,stville
1,vincent,stvincent
1,vincent,vicente
1,vincent,vince
1,vincent,vincen
1,vincent,vincenz
1,virgil,vergil
1,virgil,virgal
1,virgil,virgel
1,virgil,virgie
1,vrain,stvrain
1,wade,waddy
1,wade,waid
1,wallace,walace
1,wallace,walice
1,wallace,wallas
1,wallace,walles
1,wallace,wallice
1,wallace,wallis
1,walter,walley
1,walter,wallie
1,walter,wally
1,walter,walt
1,walter,waltar
1,walter,walterrev
1,walter,walters
1,walter,walther
1,walter,waltor
1,warren,waren
1,warren,warran
1,warren,warrin
1,warren,worren
1,washington,wash
1,washington,washing
1,washington,washs
1,wayne,wane
1,webster,web
1,webster,webb
1,welcome,welcom
1,weldon,weldonm
1,wellington,wellingtons
1,wenzel,wencil
1,wesley,wes
1,wesley,wesleyjr
1,wesley,weslie
1,wesley,wesly
1,wesley,wess
1,wesley,wessley
1,wesley,wessly
1,wesley,westley
1,wesley,westly
1,wesley,wisley
1,wilbur,wilber
1,wilbur,wilbor
1,wilbur,wilburn
1,wilbur,wilburt
1,wilbur,willber
1,wiley,wyley
1,wiley,wyly
1,wilhelm,wilham
1,wilhelm,willhelm
1,willard,wilard
1,willard,williard
1,william,bill
1,william,billey
1,william,billie
1,william,billy
1,william,md
1,william,wil
1,william,wilh
1,william,wiliam
1,william,wilie
1,william,will
1,william,willa
1,william,willaim
1,william,willam
1,william,wille
1,william,willem
1,william,willey
1,william,willi
1,william,willia
1,william,williams
1,william,willian
1,william,willie
1,william,willilam
1,william,willim
1,william,willium
1,william,willliam
1,william,willm
1,william,willy
1,william,wilm
1,william,wily
1,william,wlm
1,william,wm
1,willis,wilis
1,willis,willes
1,willis,willice
1,wilmer,willmer
1,wilson,willson
1,winfield,windfield
1,winifred,winfred
1,winifred,winnie
1,woo,wooheng
1,woodrow,woodie
1,woodrow,woody
1,wyatt,wiatt
1,wyatt,wyat
1,wyatt,wyett
1,xavier,havier
1,xavier,xaver
1,ye,yechung
1,zachary,zac
1,zachary,zacariah
1,zachary,zach
1,zachary,zacharia
1,zachary,zachariah
1,zachary,zacharias
1,zachary,zacheriah
1,zachary,zachriah
1,zachary,zack
1,zachary,zackariah
1,zadok,zadoc
1,zadok,zadock
1,zebediah,zebedee
1,zedekiah,zed
1,zeno,zenas
1,zeno,zenos
1,zephaniah,zeph
1,zephaniah,zepheniah
2,abigail,aba
2,abigail,abagail
2,abigail,abagal
2,abigail,abagil
2,abigail,abagill
2,abigail,abba
2,abigail,abbe
2,abigail,abbey
2,abigail,abbie
2,abigail,abbigail
2,abigail,abbigal
2,abigail,abby
2,abigail,abegail
2,abigail,abey
2,abigail,abi
2,abigail,abie
2,abigail,abigal
2,abigail,abigale
2,abigail,abigial
2,abigail,abigil
2,abigail,abigill
2,abigail,aby
2,abigail,ebby
2,abijah,abiah
2,ada,adah
2,adela,addella
2,adela,adel
2,adela,adele
2,adela,adell
2,adela,adella
2,adela,adelle
2,adelaide,adalade
2,adelaide,adalaid
2,adelaide,adalaide
2,adelaide,addie
2,adelaide,addy
2,adelaide,adelade
2,adelaide,adelaid
2,adelaide,adelaida
2,adelaide,adie
2,adelaide,adilade
2,adelaide,adlade
2,adelaide,adlaid
2,adelaide,adlaide
2,adeline,adalin
2,adeline,adalina
2,adeline,adaline
2,adeline,addaline
2,adeline,addeline
2,adeline,adelaine
2,adeline,adelin
2,adeline,adelina
2,adeline,adiline
2,adeline,adline
2,adeline,adoline
2,adriana,adrian
2,adriana,adrianna
2,aetna,staetna
2,agatha,aga
2,agatha,agata
2,agatha,agathe
2,agnes,aggie
2,agnes,agnas
2,agnes,agnese
2,agnes,agness
2,agnes,agnus
2,agnes,anges
2,agnes,angnes
2,alberta,albert
2,alberta,albertena
2,alberta,albertha
2,alberta,albertia
2,alberta,albertie
2,alberta,albertina
2,alberta,albertine
2,alberta,alverta
2,alberta,elberta
2,alene,alline
2,alethea,aletha
2,alethea,altha
2,alethea,eletha
2,alethea,elitha
2,alethea,leatha
2,alethea,leathy
2,alethea,letha
2,alethea,lethe
2,alethea,lethia
2,alethea,lethie
2,alethea,lethy
2,alexandria,alexander
2,alexandria,alexandrine
2,alexandria,alix
2,alexina,alexine
2,alfreda,alferetta
2,alfreda,alfretta
2,alice,alace
2,alice,alcy
2,alice,alic
2,alice,alis
2,alice,alise
2,alice,allace
2,alice,allice
2,alice,allie
2,alice,allis
2,alice,ally
2,alicia,alecia
2,alicia,alica
2,alicia,elicia
2,alicia,elisha
2,alma,almy
2,alma,elma
2,alma,stelma
2,almira,almyra
2,almira,elmira
2,almira,elmirah
2,almira,elmire
2,almira,elmyra
2,alpha,alfa
2,alvina,alvine
2,alvina,alvinia
2,alvina,alwina
2,alvina,elvina
2,amanda,amand
2,amanda,amande
2,amanda,amandia
2,amanda,amandy
2,amanda,ammanda
2,amanda,emanda
2,amanda,mand
2,amanda,manda
2,amanda,manday
2,amanda,mande
2,amanda,mandey
2,amanda,mandie
2,amanda,mandy
2,amanda,stamand
2,amarilla,rilla
2,amelia,amealia
2,amelia,ameila
2,amelia,ameilia
2,amelia,amela
2,amelia,amellia
2,amelia,amila
2,amelia,amilea
2,amelia,amilia
2,amelia,amlia
2,amelia,ammelia
2,amelia,emalia
2,amelia,emela
2,amelia,emelia
2,amelia,emila
2,amelia,emilia
2,amelia,emillia
2,amelia,emmelia
2,america,merica
2,amy,ame
2,amy,amey
2,anais,anaise
2,anais,anice
2,anais,anise
2,anais,annas
2,anais,annice
2,anais,annis
2,anais,annise
2,anastasia,anastacia
2,anastasia,anastasie
2,anastasia,anastatia
2,anastasia,annastasia
2,anastasia,stacia
2,andrea,andra
2,angeline,ageline
2,angeline,angaline
2,angeline,ange
2,angeline,angel
2,angeline,angele
2,angeline,angelena
2,angeline,angelia
2,angeline,angelina
2,angeline,angella
2,angeline,angie
2,angeline,angiline
2,angeline,angline
2,angeline,angy
2,angeline,anjaline
2,angeline,anjeline
2,angeline,gena
2,angeline,gina
2,angeline,stange
2,anna,aann
2,anna,aanna
2,anna,an
2,anna,ana
2,anna,anah
2,anna,ane
2,anna,aney
2,anna,ania
2,anna,anie
2,anna,ann
2,anna,annah
2,anna,annee
2,anna,anner
2,anna,anney
2,anna,anni
2,anna,annia
2,anna,annie
2,anna,anniefw
2,anna,anny
2,anna,stann
2,anna,stanna
2,annabel,anabel
2,annabel,anabell
2,annabel,annabell
2,annabel,annabella
2,anne,stanne
2,annette,anetta
2,annette,anette
2,annette,annet
2,annette,anneta
2,annette,annett
2,annette,annetta
2,annette,annettie
2,annette,nannette
2,annita,annitamary
2,anthony,stanthony
2,antoinette,antionette
2,antoinette,antoinett
2,antoinette,antonet
2,antoinette,antonett
2,antoinette,antonette
2,antoinette,antoniette
2,antonia,antona
2,antonia,antonie
2,antonia,antonina
2,antonia,antonio
2,antonia,tonie
2,antonia,tony
2,appolonia,apolonia
2,arabella,arabel
2,arabella,arabell
2,arabella,arabelle
2,arabella,arbell
2,arabella,arbella
2,arabella,arrabella
2,araminta,aramenta
2,araminta,araminda
2,araminta,armantine
2,araminta,armenta
2,araminta,armina
2,araminta,arminda
2,araminta,arminta
2,araminta,armintha
2,araminta,menta
2,araminta,minta
2,araminta,mintie
2,araminta,minty
2,aretha,artie
2,ariane,ariana
2,arizona,arazona
2,artemisia,artemesia
2,artemisia,artemise
2,artemisia,artemissa
2,artemisia,arthemise
2,artemisia,artimissa
2,asenath,aseneth
2,asenath,asenith
2,aubie,staubie
2,augusta,agusta
2,augusta,agustia
2,augusta,agustina
2,augusta,aug
2,augusta,august
2,augusta,auguste
2,augusta,augustia
2,augusta,augustie
2,augusta,augustina
2,augusta,augustine
2,augusta,augustus
2,augusta,gussie
2,augusta,gussy
2,augusta,gusta
2,augusta,gustie
2,augusta,gusty
2,augusta,staugustus
2,aurelia,arelia
2,aurelia,aurelie
2,aurelia,aurella
2,aurelia,aurilia
2,aurelia,aurilla
2,aurelia,orelia
2,aurelia,orella
2,aurilla,orilla
2,austin,austinm
2,azalea,azalia
2,azalea,azelia
2,babette,babetta
2,barbara,babara
2,barbara,babra
2,barbara,barb
2,barbara,barba
2,barbara,barbar
2,barbara,barbaria
2,barbara,barbarra
2,barbara,barbary
2,barbara,barbay
2,barbara,barbera
2,barbara,barbery
2,barbara,barbey
2,barbara,barbora
2,barbara,barbra
2,barbara,barbrey
2,barbara,barbria
2,barbara,barbry
2,barbara,barby
2,barsheba,bersheba
2,bathsheba,bashaba
2,bathsheba,basheba
2,beatrice,beatricem
2,beatrice,beatris
2,beatrice,beattrice
2,beatrice,bee
2,belinda,balinda
2,bellamarie,bellamariec
2,belle,bell
2,belle,bellie
2,bernadine,bernadina
2,bernadine,bernardina
2,bernadine,bernie
2,bernardine,bernardinem
2,bernice,burnice
2,bertha,bartha
2,bertha,berta
2,bertha,berte
2,bertha,berth
2,bertha,berthe
2,bertha,berthia
2,bertha,berthie
2,bertha,berthy
2,bertha,bertia
2,bertha,bertie
2,bertha,bertine
2,bertha,berttie
2,bertha,berty
2,bertha,birtha
2,bertha,birthie
2,bertha,birthy
2,bertha,birtie
2,bertha,birty
2,bertha,burtha
2,bertha,burthy
2,bertha,burtie
2,bertha,burty
2,beulah,beaulah
2,beulah,beula
2,beulah,buela
2,beulah,buelah
2,beulah,bula
2,beulah,bulah
2,beulah,bulia
2,blanche,blance
2,blanche,blanch
2,blanche,blanchie
2,bridget,biddie
2,bridget,brdget
2,bridget,bridet
2,bridget,bridg
2,bridget,bridged
2,bridget,bridgett
2,bridget,bridgit
2,bridget,bridgt
2,bridget,bridjet
2,bridget,briget
2,bridget,brigett
2,bridget,brigget
2,bridget,brigida
2,bridget,brigit
2,caledonia,caladona
2,caledonia,caladonia
2,caledonia,caldona
2,caledonia,calidonia
2,california,calafornia
2,callista,cal
2,callista,calista
2,callista,cally
2,callista,caly
2,callista,celista
2,callista,clista
2,callista,colista
2,callista,collie
2,camilla,camelia
2,camilla,cami
2,camilla,camie
2,camilla,camila
2,camilla,camile
2,camilla,camilia
2,camilla,camille
2,camilla,cammie
2,camilla,canelia
2,camilla,comelia
2,candace,candacy
2,candace,candas
2,candace,candes
2,candace,candice
2,candace,candis
2,candace,candus
2,candace,candy
2,capitola,captola
2,carla,carlie
2,carmella,carmelia
2,caroline,cara
2,caroline,carah
2,caroline,caraline
2,caroline,careline
2,caroline,carey
2,caroline,carie
2,caroline,cariline
2,caroline,carline
2,caroline,caro
2,caroline,carol
2,caroline,carolene
2,caroline,carolin
2,caroline,carolyn
2,caroline,carra
2,caroline,carre
2,caroline,carrey
2,caroline,carri
2,caroline,carrie
2,caroline,carroline
2,caroline,carry
2,caroline,cary
2,caroline,coroline
2,caroline,kari
2,caroline,karolina
2,caroline,karoline
2,caroline,kary
2,cassandra,casanda
2,cassandra,casander
2,cassandra,casandra
2,cassandra,casie
2,cassandra,cass
2,cassandra,cassa
2,cassandra,cassanda
2,cassandra,cassander
2,cassandra,cassey
2,cassandra,cassia
2,cassandra,cassie
2,cassandra,cassy
2,cassandra,kissie
2,catherine,cady
2,catherine,cata
2,catherine,catarina
2,catherine,catarine
2,catherine,cate
2,catherine,caterina
2,catherine,caterine
2,catherine,catey
2,catherine,cath
2,catherine,cathaine
2,catherine,cathar
2,catherine,catharan
2,catherine,catharen
2,catherine,catharene
2,catherine,catharin
2,catherine,catharina
2,catherine,catharine
2,catherine,catharn
2,catherine,catharne
2,catherine,cathe
2,catherine,cather
2,catherine,catheran
2,catherine,catheren
2,catherine,catherena
2,catherine,catherene
2,catherine,catherin
2,catherine,catherina
2,catherine,cathern
2,catherine,catherne
2,catherine,catheron
2,catherine,cathie
2,catherine,cathine
2,catherine,cathirine
2,catherine,cathirne
2,catherine,cathn
2,catherine,cathorin
2,catherine,cathorine
2,catherine,cathr
2,catherine,cathran
2,catherine,cathren
2,catherine,cathrena
2,catherine,cathrene
2,catherine,cathrian
2,catherine,cathrien
2,catherine,cathrin
2,catherine,cathrina
2,catherine,cathrine
2,catherine,cathron
2,catherine,cathy
2,catherine,catie
2,catherine,catrin
2,catherine,catrina
2,catherine,catrine
2,catherine,cattie
2,catherine,catty
2,catherine,caty
2,catherine,chatarina
2,catherine,chatharine
2,catherine,chatherine
2,catherine,chathrine
2,catherine,chatrine
2,catherine,kat
2,catherine,kata
2,catherine,katarina
2,catherine,katarine
2,catherine,kate
2,catherine,katee
2,catherine,katerina
2,catherine,katerine
2,catherine,katey
2,catherine,kath
2,catherine,katharin
2,catherine,katharina
2,catherine,katharine
2,catherine,kathe
2,catherine,katherin
2,catherine,katherina
2,catherine,katherine
2,catherine,kathern
2,catherine,kathi
2,catherine,kathie
2,catherine,kathleen
2,catherine,kathren
2,catherine,kathrin
2,catherine,kathrina
2,catherine,kathrine
2,catherine,kathy
2,catherine,kati
2,catherine,katie
2,catherine,katrina
2,catherine,katrine
2,catherine,katte
2,catherine,kattie
2,catherine,katty
2,catherine,katy
2,catherine,kit
2,catherine,kitie
2,catherine,kitte
2,catherine,kittey
2,catherine,kittie
2,catherine,kitty
2,catherine,kity
2,catherine,stcatharine
2,catherine,trena
2,catherine,trina
2,cecilia,cealia
2,cecilia,cecelia
2,cecilia,cecil
2,cecilia,cecila
2,cecilia,cecile
2,cecilia,cecillia
2,cecilia,cecily
2,cecilia,ceclia
2,cecilia,ceiley
2,cecilia,ceilia
2,cecilia,ceily
2,cecilia,cela
2,cecilia,celey
2,cecilia,celia
2,cecilia,celie
2,cecilia,cicelia
2,cecilia,cicely
2,cecilia,cicilia
2,cecilia,cicily
2,cecilia,secelia
2,cecilia,secilia
2,cecilia,selia
2,cecilia,sicily
2,cecilia,sisley
2,cecilia,siss
2,cecilia,sissie
2,cecilia,sissy
2,celeste,celest
2,celeste,celesta
2,celeste,celestia
2,celeste,celestial
2,celeste,celestin
2,celeste,selesta
2,celeste,selestia
2,celeste,selestine
2,celia,cealy
2,celia,cella
2,celia,cellia
2,celia,cely
2,celia,cilia
2,celia,sealy
2,celia,seely
2,celia,seley
2,celia,selie
2,celia,sely
2,celia,silly
2,celia,zelia
2,celina,celena
2,celinda,salinda
2,celinda,selinda
2,cena,stcena
2,charity,charety
2,charity,charrity
2,charity,charty
2,charles,stcharles
2,charlotte,carlota
2,charlotte,carlotta
2,charlotte,carlotte
2,charlotte,chalotte
2,charlotte,charlet
2,charlotte,charlett
2,charlotte,charlette
2,charlotte,charley
2,charlotte,charlie
2,charlotte,charllotte
2,charlotte,charloote
2,charlotte,charlot
2,charlotte,charlota
2,charlotte,charlote
2,charlotte,charlott
2,charlotte,charlotta
2,charlotte,charlottee
2,charlotte,charlottie
2,charlotte,charlotty
2,charlotte,charolette
2,charlotte,charolotte
2,charlotte,chorlotte
2,charlotte,lota
2,charlotte,lotie
2,charlotte,lotta
2,charlotte,lotte
2,charlotte,lottia
2,charlotte,lottie
2,charlotte,lotty
2,charlotte,scharlott
2,charlotte,scharlotte
2,charlotte,sharlet
2,charlotte,sharlett
2,charlotte,sharlot
2,charlotte,sharlott
2,charlotte,sharlotta
2,charlotte,sharlotte
2,chauncey,chancy
2,child,th
2,chloe,cloa
2,chloe,cloe
2,chloe,cloey
2,chloe,cloie
2,chloe,stcloe
2,christine,chistina
2,christine,chris
2,christine,chrissie
2,christine,christ
2,christine,christa
2,christine,christain
2,christine,christan
2,christine,christana
2,christine,christania
2,christine,christanna
2,christine,christe
2,christine,christeana
2,christine,christeen
2,christine,christeena
2,christine,christen
2,christine,christena
2,christine,christene
2,christine,christenia
2,christine,christi
2,christine,christiana
2,christine,christiane
2,christine,christiania
2,christine,christiann
2,christine,christianna
2,christine,christie
2,christine,christiena
2,christine,christin
2,christine,christina
2,christine,christinia
2,christine,christinna
2,christine,christna
2,christine,christy
2,christine,crissa
2,christine,crissie
2,christine,crissy
2,christine,cristena
2,christine,cristenia
2,christine,cristian
2,christine,cristiana
2,christine,cristie
2,christine,cristina
2,christine,cristine
2,christine,kristine
2,christine,tena
2,christine,tina
2,christine,tiny
2,cindarella,cindarilla
2,cinderella,cinderilla
2,claire,clair
2,claire,clar
2,claire,clare
2,claire,stclair
2,claire,stclaire
2,claire,stclare
2,clara,chlora
2,clara,claira
2,clara,clarah
2,clara,claria
2,clara,clarie
2,clara,clarra
2,clara,clarrah
2,clara,clarry
2,clara,clary
2,clara,klara
2,clarence,clarance
2,claribel,clarabell
2,clarinda,clarenda
2,clarinda,clarrinda
2,clarinda,clerinda
2,clarinda,clorinda
2,clarinda,clory
2,clarinda,corinda
2,clarissa,claracy
2,clarissa,clarasa
2,clarissa,clarasy
2,clarissa,clarcy
2,clarissa,clarecy
2,clarissa,claressa
2,clarissa,clarey
2,clarissa,clarica
2,clarissa,clarice
2,clarissa,claricy
2,clarissa,claris
2,clarissa,clarisa
2,clarissa,clarise
2,clarissa,clarisey
2,clarissa,clarisse
2,clarissa,clarissy
2,clarissa,clarisy
2,clarissa,clarrie
2,clarissa,clarrisa
2,clarissa,clarrissa
2,claudia,claud
2,claudia,clauda
2,claudia,claude
2,claudia,claudiafw
2,claudia,claudie
2,claudia,claudy
2,claudia,stclaudie
2,clementine,clem
2,clementine,clemantine
2,clementine,clemence
2,clementine,clementina
2,clementine,clemie
2,clementine,clemintine
2,clementine,clemma
2,clementine,clemmie
2,clementine,clemmy
2,clementine,clemy
2,cleopatra,cleo
2,clydie,clydiefw
2,constance,conie
2,constance,connie
2,constance,constantine
2,cora,corah
2,cora,corie
2,cora,corra
2,cora,corrie
2,cora,corry
2,cora,cory
2,cora,kora
2,cora,saintcora
2,cordelia,cardelia
2,cordelia,codelia
2,cordelia,corda
2,cordelia,cordela
2,cordelia,cordella
2,cordelia,cordia
2,cordelia,cordie
2,cordelia,cordilia
2,cordelia,cordilla
2,cordelia,cordy
2,corinna,carina
2,corinna,corena
2,corinna,corina
2,corinna,corrinna
2,corinne,carine
2,corinne,corene
2,corinne,corine
2,corinne,corrine
2,corinne,corrinne
2,corinthia,corintha
2,cornelia,conelia
2,cornelia,cornealia
2,cornelia,corneilia
2,cornelia,cornela
2,cornelia,cornelie
2,cornelia,cornelius
2,cornelia,cornellia
2,cornelia,cornie
2,cornelia,cornilia
2,cynthia,cinda
2,cynthia,cindy
2,cynthia,cintha
2,cynthia,cinthia
2,cynthia,cinthy
2,cynthia,cyntha
2,cynthia,cynthie
2,cynthia,cynthy
2,cynthia,scintha
2,cynthia,scyntha
2,cynthia,scynthia
2,cynthia,sindy
2,cynthia,sintha
2,cynthia,sinthey
2,cynthia,sinthia
2,cynthia,sinthy
2,cynthia,syntha
2,cynthia,synthia
2,cynthia,sytha
2,daisy,daisey
2,daisy,daisie
2,daisy,daizy
2,daisy,dasey
2,daisy,dasie
2,daisy,dasy
2,daisy,dazie
2,daisy,dazy
2,daisy,disy
2,danielle,daniel
2,daphne,daphney
2,deborah,debbie
2,deborah,debby
2,deborah,debora
2,deborah,debra
2,deborah,debrah
2,deborah,deby
2,delia,dealia
2,delia,delea
2,delia,delie
2,delia,dely
2,delia,dilia
2,delilah,delila
2,delilah,delilia
2,delphina,delfina
2,delphina,delpha
2,delphina,delphene
2,delphina,delphine
2,dennis,stdennis
2,desiree,desire
2,diana,dianah
2,diana,dianna
2,diana,diannah
2,diana,diantha
2,diana,diena
2,dinah,dina
2,dinah,dinna
2,dolores,delores
2,dolores,lola
2,donia,stdonia
2,donna,dona
2,dorcas,darcas
2,dorcas,darcus
2,dorcas,dorcus
2,doris,dores
2,dorothy,dolley
2,dorothy,dollie
2,dorothy,dolly
2,dorothy,dora
2,dorothy,dorah
2,dorothy,doratha
2,dorothy,dorathea
2,dorothy,dorathy
2,dorothy,doretha
2,dorothy,dorethea
2,dorothy,doretta
2,dorothy,doria
2,dorothy,dorie
2,dorothy,doritha
2,dorothy,dorotea
2,dorothy,dorotha
2,dorothy,dorothe
2,dorothy,dorothea
2,dorothy,dorra
2,dorothy,dortha
2,dorothy,dorthea
2,dorothy,dorthula
2,dorothy,dorthy
2,dorothy,dory
2,dorothy,dot
2,dorothy,dottie
2,dorothy,saintdoria
2,drusilla,drucella
2,drusilla,drucilla
2,drusilla,drusella
2,drusilla,drusila
2,drusilla,druzilla
2,dulcina,dilcy
2,dulcina,dulcena
2,dulcina,dulcenia
2,edith,eadeth
2,edith,eadie
2,edith,eadith
2,edith,eady
2,edith,edath
2,edith,eddie
2,edith,eddith
2,edith,eddy
2,edith,edeth
2,edith,edie
2,edith,edieth
2,edith,editha
2,edith,edy
2,edna,adna
2,edna,ednah
2,edna,edner
2,edna,edney
2,edna,ednie
2,edna,edny
2,ehres,md
2,elaine,aline
2,elaine,allene
2,elaine,lany
2,eleanor,elanor
2,eleanor,elanora
2,eleanor,eleaner
2,eleanor,eleanora
2,eleanor,eleanore
2,eleanor,elener
2,eleanor,elenor
2,eleanor,elenora
2,eleanor,elenore
2,eleanor,eleonor
2,eleanor,eleonora
2,eleanor,eleonore
2,eleanor,eley
2,eleanor,elinor
2,eleanor,elinora
2,eleanor,elinore
2,eleanor,ellanor
2,eleanor,ellanora
2,eleanor,elleanor
2,eleanor,ellener
2,eleanor,ellenor
2,eleanor,ellenora
2,eleanor,ellenore
2,eleanor,ellia
2,eleanor,ellie
2,eleanor,ellinor
2,eleanor,ellnora
2,eleanor,elly
2,eleanor,elnor
2,eleanor,elnora
2,eleanor,elnorah
2,eleanor,elnore
2,eleanor,eloner
2,eleanor,elonora
2,eleanor,lanora
2,eleanor,leanor
2,eleanor,leanora
2,eleanor,len
2,eleanor,lennie
2,eleanor,lenny
2,eleanor,lenor
2,eleanor,lenora
2,eleanor,lenorah
2,eleanor,leonara
2,eleanor,leonor
2,eleanor,leonora
2,eleanor,leonore
2,eleanor,leora
2,eleanor,nelia
2,eleanor,nell
2,eleanor,nella
2,eleanor,nellie
2,eleanor,nelly
2,eleanor,stellia
2,eleazar,elizar
2,electa,lecta
2,elena,elina
2,elena,ellena
2,elena,elna
2,elene,stelene
2,elijah,elija
2,elizabeth,ailcy
2,elizabeth,ailsie
2,elizabeth,alcey
2,elizabeth,aliza
2,elizabeth,bedy
2,elizabeth,besie
2,elizabeth,bess
2,elizabeth,bessa
2,elizabeth,besse
2,elizabeth,bessey
2,elizabeth,bessia
2,elizabeth,bessie
2,elizabeth,bessy
2,elizabeth,bet
2,elizabeth,beta
2,elizabeth,betcy
2,elizabeth,betey
2,elizabeth,beth
2,elizabeth,betie
2,elizabeth,betsa
2,elizabeth,betsey
2,elizabeth,betsie
2,elizabeth,betsy
2,elizabeth,betsys
2,elizabeth,betta
2,elizabeth,bette
2,elizabeth,bettee
2,elizabeth,bettey
2,elizabeth,bettie
2,elizabeth,bettsey
2,elizabeth,bettsy
2,elizabeth,betty
2,elizabeth,bety
2,elizabeth,betzy
2,elizabeth,bittie
2,elizabeth,eiza
2,elizabeth,eizabeth
2,elizabeth,elcie
2,elizabeth,elcy
2,elizabeth,elesabeth
2,elizabeth,elesebeth
2,elizabeth,elesibeth
2,elizabeth,eleza
2,elizabeth,elezabeth
2,elizabeth,elezebeth
2,elizabeth,elezibeth
2,elizabeth,eliabeth
2,elizabeth,elibeth
2,elizabeth,eliesabeth
2,elizabeth,eliese
2,elizabeth,elis
2,elizabeth,elisa
2,elizabeth,elisab
2,elizabeth,elisabath
2,elizabeth,elisabet
2,elizabeth,elisabeth
2,elizabeth,elisabetha
2,elizabeth,elisabett
2,elizabeth,elisabith
2,elizabeth,elisbeth
2,elizabeth,elise
2,elizabeth,elisebath
2,elizabeth,elisebeth
2,elizabeth,elisebth
2,elizabeth,elisibeth
2,elizabeth,elisie
2,elizabeth,elissa
2,elizabeth,elissabeth
2,elizabeth,elithabeth
2,elizabeth,elithebeth
2,elizabeth,eliz
2,elizabeth,eliza
2,elizabeth,elizab
2,elizabeth,elizabath
2,elizabeth,elizabeath
2,elizabeth,elizabet
2,elizabeth,elizabetha
2,elizabeth,elizabett
2,elizabeth,elizabette
2,elizabeth,elizabith
2,elizabeth,elizaboth
2,elizabeth,elizabth
2,elizabeth,elizabuth
2,elizabeth,elizah
2,elizabeth,elizath
2,elizabeth,elizbath
2,elizabeth,elizbeth
2,elizabeth,elizbth
2,elizabeth,elize
2,elizabeth,elizeabeth
2,elizabeth,elizebath
2,elizabeth,elizebeath
2,elizabeth,elizebeth
2,elizabeth,elizebith
2,elizabeth,elizebth
2,elizabeth,elizer
2,elizabeth,elizh
2,elizabeth,elizia
2,elizabeth,elizibath
2,elizabeth,elizibeth
2,elizabeth,elizie
2,elizabeth,elizobeth
2,elizabeth,elizth
2,elizabeth,elizza
2,elizabeth,elizzabeth
2,elizabeth,elizzie
2,elizabeth,ellisabeth
2,elizabeth,elliza
2,elizabeth,ellizabeth
2,elizabeth,elsabeth
2,elizabeth,elsbeth
2,elizabeth,else
2,elizabeth,elsey
2,elizabeth,elsia
2,elizabeth,elsie
2,elizabeth,elsy
2,elizabeth,ely
2,elizabeth,elysabeth
2,elizabeth,elyza
2,elizabeth,elyzabeth
2,elizabeth,elza
2,elizabeth,elzabeth
2,elizabeth,elzebeth
2,elizabeth,elzie
2,elizabeth,lezzie
2,elizabeth,lib
2,elizabeth,libbie
2,elizabeth,libby
2,elizabeth,libie
2,elizabeth,liby
2,elizabeth,lisa
2,elizabeth,lisabeth
2,elizabeth,lisbeth
2,elizabeth,lise
2,elizabeth,lisey
2,elizabeth,lisia
2,elizabeth,lisie
2,elizabeth,lissa
2,elizabeth,lisse
2,elizabeth,lissey
2,elizabeth,lissi
2,elizabeth,lissie
2,elizabeth,lissy
2,elizabeth,liz
2,elizabeth,liza
2,elizabeth,lizabeth
2,elizabeth,lizar
2,elizabeth,lize
2,elizabeth,lizebeth
2,elizabeth,lizer
2,elizabeth,lizetta
2,elizabeth,lizette
2,elizabeth,lizey
2,elizabeth,lizia
2,elizabeth,lizie
2,elizabeth,lizy
2,elizabeth,lizz
2,elizabeth,lizza
2,elizabeth,lizze
2,elizabeth,lizzee
2,elizabeth,lizzey
2,elizabeth,lizzi
2,elizabeth,lizzia
2,elizabeth,lizzie
2,elizabeth,lizzy
2,ella,ellafw
2,ellen,allena
2,ellen,ela
2,ellen,elan
2,ellen,elen
2,ellen,elie
2,ellen,elin
2,ellen,eline
2,ellen,ellah
2,ellen,ellan
2,ellen,ellin
2,ellen,elln
2,ellen,elon
2,eloise,elouise
2,elvira,alvira
2,elvira,elvire
2,elvira,elviria
2,elvira,elviry
2,emily,amalie
2,emily,amelie
2,emily,amilie
2,emily,emalie
2,emily,emaly
2,emily,emeley
2,emily,emelie
2,emily,emely
2,emily,emerly
2,emily,emielie
2,emily,emile
2,emily,emiley
2,emily,emilie
2,emily,emilly
2,emily,emley
2,emily,emlie
2,emily,emly
2,emily,emmaly
2,emily,emmely
2,emily,emmie
2,emily,emmiefw
2,emily,emmily
2,emma,ema
2,emma,emey
2,emma,emie
2,emma,emm
2,emma,emmah
2,emma,emme
2,emma,emmia
2,emma,emmy
2,emma,emy
2,emma,enma
2,emmeline,ameline
2,emmeline,emalin
2,emmeline,emalina
2,emmeline,emaline
2,emmeline,emelin
2,emmeline,emelina
2,emmeline,emeline
2,emmeline,emerine
2,emmeline,emerline
2,emmeline,emilene
2,emmeline,emilin
2,emmeline,emiline
2,emmeline,emline
2,emmeline,emmaline
2,emmeline,emoline
2,emphrana,stemphrana
2,erma,ermie
2,erma,ermma
2,erma,irma
2,ernestine,earnestine
2,ernestine,erna
2,ernestine,ernestina
2,ernestine,ernie
2,ernestine,ernistine
2,ernestine,ernstina
2,ernestine,ernstine
2,estelle,esstella
2,estelle,estalla
2,estelle,estel
2,estelle,estela
2,estelle,estele
2,estelle,estell
2,estelle,estilla
2,esther,easther
2,esther,ester
2,ethel,ethal
2,eudora,udora
2,eugene,eugine
2,eugenia,eugena
2,eugenia,eugene
2,eugenia,eugina
2,eugenia,euginia
2,eugenia,euginiamary
2,eugenia,euginie
2,eugenia,genie
2,eugenia,ugenia
2,eulalia,eulalie
2,eulalia,eulia
2,eulalia,ulalia
2,eunice,eunis
2,eunice,unice
2,eunice,unis
2,eunice,unus
2,euphemia,effa
2,euphemia,effia
2,euphemia,effie
2,euphemia,effy
2,euphemia,epha
2,euphemia,eppie
2,euphemia,euphema
2,euphemia,euphemie
2,euphemia,euphenia
2,euphemia,famy
2,eva,evae
2,eva,evva
2,eve,eave
2,eve,evey
2,eve,evie
2,eve,evy
2,evelyn,evalena
2,evelyn,evalin
2,evelyn,evalina
2,evelyn,evaline
2,evelyn,evalyn
2,evelyn,evelena
2,evelyn,evelene
2,evelyn,evelin
2,evelyn,evelina
2,evelyn,eveline
2,evelyn,everline
2,evelyn,evilina
2,evelyn,eviline
2,evelyn,evline
2,evelyn,evlyn
2,evelyn,evoline
2,felicia,feliciana
2,felicia,felicie
2,felicia,felicita
2,fidelia,fedelia
2,fidelia,phidelia
2,fiona,fianna
2,fit,fitjr
2,flavia,flavie
2,flora,florah
2,florence,flarance
2,florence,flarence
2,florence,flaurence
2,florence,flawrence
2,florence,floranc
2,florence,florance
2,florence,florenc
2,florence,florie
2,florence,florince
2,florence,flornce
2,florence,florra
2,florence,florrance
2,florence,florrence
2,florence,florrie
2,florence,flory
2,florence,flrence
2,florene,florine
2,florian,stflorian
2,frances,fan
2,frances,fances
2,frances,fancis
2,frances,faney
2,frances,fanie
2,frances,fanna
2,frances,fanne
2,frances,fanney
2,frances,fanni
2,frances,fannie
2,frances,fanny
2,frances,fany
2,frances,fraces
2,frances,fracis
2,frances,fran
2,frances,franc
2,frances,france
2,frances,francena
2,frances,francess
2,frances,francie
2,frances,francies
2,frances,francina
2,frances,francisca
2,frances,francisco
2,frances,franciska
2,frances,francoise
2,frances,francy
2,frances,franes
2,frances,franey
2,frances,franie
2,frances,frank
2,frances,franke
2,frances,frankey
2,frances,frankie
2,frances,franky
2,frances,frannie
2,frances,franses
2,frances,fransis
2,frances,fransisca
2,frances,fransiska
2,frances,frany
2,frances,franzis
2,frances,franzisca
2,frances,franziska
2,frances,stfrances
2,frederick,freddie
2,fredericka,fred
2,fredericka,freda
2,fredericka,fredereka
2,fredericka,frederica
2,fredericka,fredericca
2,fredericka,frederick
2,fredericka,fredericke
2,fredericka,frederika
2,fredericka,frederike
2,fredericka,fredie
2,fredericka,fredreca
2,fredericka,fredreka
2,fredericka,fredrica
2,fredericka,fredrick
2,fredericka,fredricka
2,fredericka,fredricke
2,fredericka,fredrika
2,fredericka,fredrike
2,fredericka,fridericke
2,fredericka,friderika
2,fredericka,friderike
2,fredericka,friederica
2,fredericka,friedericka
2,fredericka,friedericke
2,fredericka,friederika
2,fredericka,friederike
2,fredericka,friedricke
2,frieda,freida
2,frieda,frida
2,gabriele,gabriel
2,gabriella,gabriela
2,gabriella,gabrilla
2,geneva,jeneva
2,genevieve,genevie
2,genevieve,genevive
2,genevieve,genoveva
2,georgia,geo
2,georgia,geogia
2,georgia,georg
2,georgia,georga
2,georgia,george
2,georgia,georgea
2,georgia,georgi
2,georgia,georgiam
2,georgia,georgie
2,georgia,georgine
2,georgia,georgy
2,georgia,gorgia
2,georgia,gorgie
2,georgiana,georgan
2,georgiana,georgana
2,georgiana,georgania
2,georgiana,georgann
2,georgiana,georganna
2,georgiana,georgean
2,georgiana,georgeana
2,georgiana,georgeann
2,georgiana,georgeanna
2,georgiana,georgena
2,georgiana,georgenia
2,georgiana,georgian
2,georgiana,georgiann
2,georgiana,georgianna
2,georgiana,georgina
2,germain,germainm
2,germaine,stgermaine
2,gertrude,gerta
2,gertrude,gertha
2,gertrude,gertie
2,gertrude,gertrud
2,gertrude,gertruda
2,gertrude,gertrudes
2,gertrude,gertrudis
2,gertrude,gertrue
2,gertrude,gertude
2,gertrude,gerty
2,gertrude,getrude
2,gertrude,girta
2,gertrude,girtie
2,gertrude,girtrude
2,gertrude,girty
2,gertrude,gurtie
2,gertrude,gurtrude
2,gertrude,gurty
2,gertrude,stgertrude
2,gertrude,trudy
2,grace,gracey
2,grace,gracie
2,grace,gracy
2,guadalupe,lupe
2,gwendolyn,gwen
2,hagar,hager
2,hannah,hamah
2,hannah,han
2,hannah,hana
2,hannah,hanah
2,hannah,hanna
2,hannah,hanner
2,harriet,haddie
2,harriet,hallie
2,harriet,haret
2,harriet,harett
2,harriet,hariat
2,harriet,hariet
2,harriet,hariett
2,harriet,harietta
2,harriet,hariette
2,harriet,hariot
2,harriet,hariott
2,harriet,harit
2,harriet,haritt
2,harriet,harret
2,harriet,harrett
2,harriet,harrette
2,harriet,harriat
2,harriet,harriate
2,harriet,harriatt
2,harriet,harrie
2,harriet,harriete
2,harriet,harriett
2,harriet,harriette
2,harriet,harriot
2,harriet,harriott
2,harriet,harrit
2,harriet,harritt
2,harriet,harritte
2,harriet,harry
2,harriet,hatie
2,harriet,hatta
2,harriet,hatte
2,harriet,hattee
2,harriet,hatti
2,harriet,hattie
2,harriet,hatty
2,harriet,haty
2,harriet,herriet
2,harriet,hittie
2,he,hewe
2,helen,helan
2,helen,helene
2,helen,helenfw
2,helen,hellan
2,helen,hellen
2,helen,hellin
2,helen,hellon
2,helen,helon
2,helen,sthelen
2,helena,halena
2,helena,helana
2,helena,helina
2,helena,hellena
2,helena,sthelena
2,helene,hellene
2,helma,hilma
2,helna,sthelna
2,henrietta,heneretta
2,henrietta,henerette
2,henrietta,henerietta
2,henrietta,heneritta
2,henrietta,henietta
2,henrietta,heniretta
2,henrietta,hennie
2,henrietta,hennrietta
2,henrietta,henny
2,henrietta,henraetta
2,henrietta,henreetta
2,henrietta,henreitta
2,henrietta,henreta
2,henrietta,henretta
2,henrietta,henrette
2,henrietta,henrettia
2,henrietta,henrettie
2,henrietta,henriatta
2,henrietta,henrie
2,henrietta,henrieta
2,henrietta,henriett
2,henrietta,henriette
2,henrietta,henriettie
2,henrietta,henritta
2,henrietta,henritte
2,henrietta,henry
2,henrietta,henryetta
2,henrietta,henryette
2,henrietta,herietta
2,henrietta,herrietta
2,henrietta,hetta
2,henrietta,hetty
2,hermina,hermena
2,hermina,hermenia
2,hermina,hermine
2,hester,hesther
2,hester,hestor
2,hilda,helda
2,hilda,hildah
2,honora,anora
2,honora,hannora
2,honora,hannorah
2,honora,hanora
2,honora,hanorah
2,honora,henora
2,honora,honnora
2,honora,honor
2,honora,honorah
2,honora,honoria
2,hortense,hortence
2,hulda,huldah
2,hulda,hulday
2,hulda,huldia
2,hulda,huldie
2,hulda,huldy
2,ida,idah
2,ida,idda
2,ida,ide
2,ida,idia
2,ida,idie
2,imogene,emmagene
2,imogene,emogene
2,indiana,indian
2,indiana,indianna
2,indiana,indie
2,indiana,indy
2,inez,ines
2,inez,inis
2,inez,iniz
2,ingeborg,ingebor
2,ingrid,inger
2,iola,eola
2,irena,irenia
2,irena,irina
2,irene,irean
2,irene,ireen
2,irene,irine
2,irene,stirene
2,isabel,esabel
2,isabel,esabell
2,isabel,isabele
2,isabel,isabell
2,isabel,isabelle
2,isabel,isable
2,isabel,isebel
2,isabel,isebell
2,isabel,isibel
2,isabel,isibell
2,isabel,isibelle
2,isabel,isobel
2,isabel,issabel
2,isabel,issabell
2,isabel,issabelle
2,isabel,issie
2,isabel,izabel
2,isabel,izabell
2,isabel,ysabel
2,isabella,esabella
2,isabella,isabela
2,isabella,isablla
2,isabella,isbella
2,isabella,isebella
2,isabella,isibella
2,isabella,issabella
2,isabella,izabella
2,isabella,stisabella
2,isadora,izora
2,isadore,isidore
2,isadore,stisidore
2,ivy,ivey
2,ivy,ivie
2,jack,drjack
2,jacqueline,jackie
2,james,jimmie
2,jane,jain
2,jane,jaine
2,jane,janee
2,jane,janes
2,jane,janey
2,jane,janie
2,jane,janne
2,jane,janney
2,jane,jannie
2,jane,janny
2,jane,jany
2,jane,jayne
2,jane,jeney
2,jane,jenie
2,jane,jenine
2,jane,jenne
2,jane,jenney
2,jane,jenni
2,jane,jennie
2,jane,jenny
2,jane,jeny
2,jane,stjane
2,jane,virgjane
2,janice,janis
2,javite,stjavite
2,jemima,gemima
2,jemima,jamima
2,jemima,jemie
2,jemima,jemimah
2,jemima,jemina
2,jemima,jemmima
2,jemima,jimima
2,jennetta,genetta
2,jennetta,gennetta
2,jennetta,janetta
2,jennetta,jeanetta
2,jennetta,jeanna
2,jennetta,jenetta
2,jennette,genett
2,jennette,genette
2,jennette,genettie
2,jennette,gennett
2,jennette,gennette
2,jennette,janett
2,jennette,jannet
2,jennette,jannett
2,jennette,jannette
2,jennette,jean
2,jennette,jeane
2,jennette,jeanett
2,jennette,jeanette
2,jennette,jeanie
2,jennette,jeannett
2,jennette,jeannette
2,jennette,jeannie
2,jennette,jenet
2,jennette,jenett
2,jennette,jenette
2,jennette,jennet
2,jennette,jennett
2,jennette,jennettie
2,jennette,jinnett
2,jerusha,gerusha
2,jerusha,jarusha
2,jerusha,jerusia
2,jessica,jesie
2,jessica,jessa
2,jessica,jesse
2,jessica,jessee
2,jessica,jessey
2,jessica,jessia
2,jessica,jessie
2,jessica,jessy
2,jetta,jettie
2,joan,jone
2,joh,johjr
2,johanna,joana
2,johanna,joanah
2,johanna,joann
2,johanna,joannah
2,johanna,joeanna
2,johanna,johana
2,johanna,johanah
2,johanna,johane
2,johanna,johannah
2,johanna,johanne
2,johanna,john
2,johanna,johnana
2,johanna,johnanna
2,johanna,johnie
2,johanna,johnna
2,johanna,johnnie
2,johanna,johny
2,johanna,jona
2,johanna,jonna
2,johanna,mrc
2,johanna,stjohn
2,josephina,josefina
2,josephina,josephena
2,josephine,joe
2,josephine,jos
2,josephine,josa
2,josephine,josaphene
2,josephine,josaphin
2,josephine,josaphine
2,josephine,jose
2,josephine,josefa
2,josephine,josefine
2,josephine,josepene
2,josephine,joseph
2,josephine,josepha
2,josephine,josephen
2,josephine,josephene
2,josephine,josephien
2,josephine,josephiene
2,josephine,josephin
2,josephine,josepine
2,josephine,josey
2,josephine,josie
2,josephine,josina
2,josephine,josiphene
2,josephine,josiphine
2,josephine,josophene
2,josephine,josophine
2,josephine,josphene
2,josephine,josphine
2,josephine,jossie
2,josephine,josy
2,josephine,jsephine
2,josephine,phena
2,josephine,stjoseph
2,joyce,joice
2,joyce,joicy
2,juana,juan
2,judith,juda
2,judith,juddy
2,judith,judeth
2,judith,judia
2,judith,judie
2,judith,judieth
2,judith,judy
2,julia,gulia
2,julia,jula
2,julia,jule
2,julia,julea
2,julia,juley
2,julia,juli
2,julia,juliar
2,julia,julie
2,julia,jullia
2,julia,jullie
2,julian,julien
2,julian,julyan
2,juliana,julianna
2,juliann,juliane
2,juliann,julienne
2,juliann,julyann
2,juliet,juliaett
2,juliette,juletta
2,juliette,juliaette
2,juliette,juliett
2,june,junie
2,jung,jungsee
2,justian,justianm
2,justin,justinm
2,justina,gustena
2,justina,gustina
2,justina,jestina
2,justina,justa
2,justine,gustine
2,keziah,kasiah
2,keziah,kaziah
2,keziah,kesia
2,keziah,kesiah
2,keziah,kezia
2,keziah,kisiah
2,keziah,kissiah
2,keziah,kiziah
2,keziah,kizziah
2,keziah,kizzie
2,keziah,kizzy
2,laura,lara
2,laura,larah
2,laura,larra
2,laura,larrah
2,laura,larua
2,laura,lary
2,laura,laurah
2,laura,laure
2,laura,laurea
2,laura,lauria
2,laura,laurie
2,laura,laurra
2,laura,laury
2,laura,lawra
2,laura,lora
2,laura,lorah
2,laura,lorey
2,laura,lori
2,laura,lorie
2,laura,lorra
2,laura,lorrie
2,laura,lorry
2,laura,loura
2,laura,lura
2,laurence,stlaurence
2,lavinia,lavania
2,lavinia,lavena
2,lavinia,lavenia
2,lavinia,lavina
2,lavinia,lavine
2,lavinia,lavinna
2,lavinia,lavonia
2,lavinia,levena
2,lavinia,levenia
2,lavinia,levina
2,lavinia,levinia
2,lavinia,levonia
2,lavinia,livina
2,lavinia,livinia
2,lavinia,livona
2,lavinia,livonia
2,lavinia,louvena
2,lavinia,louvenia
2,lavinia,louvina
2,lavinia,louvinia
2,lavinia,lovena
2,lavinia,lovenia
2,lavinia,lovey
2,lavinia,lovinia
2,lavinia,luvena
2,lavinia,luvenia
2,lavinia,luvina
2,lavinia,luvinia
2,lay,laygolla
2,leah,lea
2,leanna,leana
2,leanna,leannah
2,leanna,leeanna
2,leanne,lean
2,leanne,leanner
2,lela,leila
2,lela,lelah
2,lela,lella
2,lena,leina
2,lena,lenah
2,lena,leni
2,lena,lenia
2,lena,lina
2,lenore,lenar
2,leona,leoma
2,leona,leon
2,leona,leone
2,leona,leoni
2,leona,leonia
2,leona,leonie
2,leona,leonna
2,leona,liona
2,leona,lonia
2,letitia,laticia
2,letitia,latitia
2,letitia,leta
2,letitia,letetia
2,letitia,letia
2,letitia,leticia
2,letitia,letie
2,letitia,letta
2,letitia,lettia
2,letitia,lettice
2,letitia,letticia
2,letitia,lettie
2,letitia,lettitia
2,letitia,lettuce
2,letitia,letty
2,letitia,lititia
2,letitia,littie
2,letitia,litty
2,letitia,lutecia
2,letitia,lutetia
2,letitia,luticia
2,letitia,lutisha
2,letitia,lutitia
2,letitia,tish
2,letitia,tisha
2,letitia,tishie
2,lewis,lew
2,lewis,louie
2,lila,lyla
2,lilian,lillien
2,lilian,lillion
2,lillian,lile
2,lillian,liley
2,lillian,lilia
2,lillian,lilie
2,lillian,lill
2,lillian,lille
2,lillian,liller
2,lillian,lilley
2,lillian,lilli
2,lillian,lillia
2,lillian,lilliam
2,lillian,lillie
2,lillian,lillin
2,lillian,lilly
2,lillian,lily
2,linda,lindy
2,linda,lynda
2,linnie,linniefb
2,llywelyn,lewellen
2,lola,lolla
2,lola,lolo
2,lorena,larena
2,lorena,larina
2,lorena,laurina
2,lorena,lorana
2,lorena,lorania
2,lorena,lorene
2,lorena,lorenia
2,lorena,lorina
2,lorena,lourana
2,lorena,lourena
2,lorena,lurana
2,lorena,lurania
2,lorena,lurany
2,lorena,lurena
2,lorena,lurenia
2,lorena,lurina
2,loreno,stloreno
2,loretta,laretta
2,loretta,lauretta
2,loretta,loreta
2,loretta,lorette
2,loretta,loretto
2,loretta,lorretta
2,loretta,louretta
2,loretta,luretta
2,lorinda,larinda
2,lorinda,lourinda
2,lorinda,lurinda
2,lorraine,lorain
2,lorraine,loraine
2,lorraine,lorane
2,lorraine,lorine
2,lorraine,luraney
2,louella,leuella
2,louella,lewella
2,louella,louela
2,louella,lovella
2,louella,lueller
2,louisa,lauisa
2,louisa,leuisa
2,louisa,lewisa
2,louisa,loesa
2,louisa,loesia
2,louisa,loeza
2,louisa,loisa
2,louisa,loiza
2,louisa,lou
2,louisa,loue
2,louisa,loueasa
2,louisa,loueisa
2,louisa,louesa
2,louisa,louesia
2,louisa,loueza
2,louisa,loui
2,louisa,louiesa
2,louisa,louisea
2,louisa,louiser
2,louisa,louisey
2,louisa,louisia
2,louisa,louisie
2,louisa,louissa
2,louisa,louiza
2,louisa,louize
2,louisa,lousa
2,louisa,lousia
2,louisa,lousie
2,louisa,lowesa
2,louisa,lowisa
2,louisa,luesa
2,louisa,luesia
2,louisa,lueza
2,louisa,luie
2,louisa,luisa
2,louisa,luisia
2,louisa,luiza
2,louisa,lusa
2,louise,lewis
2,louise,loise
2,louise,louese
2,louise,louis
2,louise,louse
2,louise,luise
2,louisiana,louisana
2,louisiana,louisanna
2,louisiana,louisianna
2,louisiana,lousana
2,lovisa,lavisa
2,lovisa,levisa
2,lovisa,louvisa
2,lovisa,luvisa
2,loyala,loyalam
2,luann,louann
2,luanna,louanna
2,lucetta,lusetta
2,lucia,lusia
2,lucilla,lucelia
2,lucilla,lucillam
2,lucille,lucile
2,lucina,lucenia
2,lucina,lusina
2,lucinda,leucinda
2,lucinda,loucinda
2,lucinda,lousinda
2,lucinda,lucenda
2,lucinda,lucind
2,lucinda,lucinde
2,lucinda,lucindia
2,lucinda,lucindy
2,lucinda,lusinda
2,lucinda,lusindy
2,lucretia,cretia
2,lucretia,loucretia
2,lucretia,lucrecia
2,lucretia,lucresia
2,lucretia,lucritia
2,lucy,loucy
2,lucy,luce
2,lucy,lucette
2,lucy,lucey
2,lucy,luci
2,lucy,lucie
2,lucy,lusey
2,lucy,lusy
2,ludmilla,ludmillam
2,luella,loella
2,luella,luela
2,lula,loula
2,lula,loulie
2,lula,lulah
2,lula,lule
2,lula,luler
2,lula,luley
2,lula,lulia
2,lula,lulie
2,lula,lulla
2,lula,lullie
2,lula,luly
2,lulu,lullu
2,lulu,lulo
2,luzetta,lousetta
2,lydia,ledia
2,lydia,lida
2,lydia,lidda
2,lydia,liddia
2,lydia,liddie
2,lydia,liddy
2,lydia,lidea
2,lydia,lidey
2,lydia,lidia
2,lydia,lidie
2,lydia,lidy
2,lydia,lyda
2,lydia,lydda
2,lydia,lyddia
2,lydia,lyddie
2,lydia,lyde
2,lydia,lydea
2,lydia,lydie
2,mabel,mabell
2,mabel,mabelle
2,mabel,mable
2,macy,mazie
2,magdalena,alena
2,magdalena,madalena
2,magdalena,madelina
2,magdalena,magdalana
2,magdalena,magdalina
2,magdalena,magdelana
2,magdalena,magdelena
2,magdalena,magdelina
2,magdalena,magdlena
2,magdalene,madaline
2,magdalene,maddie
2,magdalene,madelaine
2,magdalene,madeline
2,magdalene,madline
2,magdalene,magaline
2,magdalene,magda
2,magdalene,magdalen
2,magdalene,magdalin
2,magdalene,magdaline
2,magdalene,magdelane
2,magdalene,magdelen
2,magdalene,magdelene
2,magdalene,magdeline
2,magdalene,stmagdalene
2,magnolia,magnola
2,mahala,mahalah
2,mahala,mahale
2,mahala,mahaley
2,mahala,mahalia
2,mahala,mahalie
2,mahala,mahaly
2,mahala,mahela
2,mahala,mahlah
2,mahala,mahola
2,mahala,mehala
2,malenia,saintmalenia
2,malina,malena
2,malina,maline
2,malvina,malvena
2,malvina,malvine
2,malvina,malvinia
2,malvina,melvena
2,malvina,melvina
2,malvina,melvine
2,malvina,melvinia
2,malvina,milvina
2,malvina,mulvina
2,mamie,maime
2,mamie,mammie
2,mamie,mamy
2,manuela,manuella
2,marcella,marcela
2,marcella,marcelia
2,marcella,marcilla
2,marcella,marsella
2,marcelline,stmarcelline
2,marcia,marcie
2,marcia,marcy
2,marcia,marsha
2,margaret,greta
2,margaret,madge
2,margaret,madgie
2,margaret,mag
2,margaret,magaret
2,margaret,mage
2,margaret,mageret
2,margaret,magey
2,margaret,magg
2,margaret,magge
2,margaret,maggey
2,margaret,maggi
2,margaret,maggie
2,margaret,maggy
2,margaret,magie
2,margaret,magret
2,margaret,magt
2,margaret,magy
2,margaret,maraget
2,margaret,maragret
2,margaret,marg
2,margaret,marga
2,margaret,margaet
2,margaret,margar
2,margaret,margarat
2,margaret,margarate
2,margaret,margarit
2,margaret,margarite
2,margaret,margart
2,margaret,margary
2,margaret,margat
2,margaret,marge
2,margaret,margerat
2,margaret,margerate
2,margaret,margeret
2,margaret,margert
2,margaret,margery
2,margaret,marget
2,margaret,marggret
2,margaret,margia
2,margaret,margie
2,margaret,margit
2,margaret,margoret
2,margaret,margraet
2,margaret,margrat
2,margaret,margrate
2,margaret,margreat
2,margaret,margred
2,margaret,margret
2,margaret,margrete
2,margaret,margrit
2,margaret,margrt
2,margaret,margt
2,margaret,marguret
2,margaret,margy
2,margaret,marjorie
2,margaret,marjory
2,margaret,meda
2,margaret,meggie
2,margaret,mettie
2,margaret,mggie
2,margaret,mgt
2,margaret,peggie
2,margaret,peggy
2,margaret,pegy
2,margareth,magareth
2,margareth,magereth
2,margareth,margarethe
2,margareth,margereth
2,margareth,margerethe
2,margareth,margreth
2,margareth,margrethe
2,margareth,stmagareth
2,margaretha,magaretha
2,margaretha,margeretha
2,margaretha,margretha
2,margarett,magarett
2,margarett,magrett
2,margarett,margarret
2,margarett,margartt
2,margarett,margerett
2,margarett,margett
2,margarett,margrett
2,margarett,margritt
2,margaretta,gretta
2,margaretta,magga
2,margaretta,magretha
2,margaretta,margareta
2,margaretta,margereta
2,margaretta,margeretta
2,margaretta,margetta
2,margaretta,margreta
2,margaretta,margretta
2,margaretta,meta
2,margaretta,metta
2,margarette,margerette
2,margarette,margette
2,margarette,margrette
2,margarette,margurette
2,margarita,rita
2,margarita,ritta
2,margarite,margariet
2,margarite,margaritt
2,margarite,margerit
2,marguerite,margerite
2,marguerite,margueret
2,marguerite,marguerit
2,marguerite,margurett
2,marguerite,margurite
2,maria,marea
2,maria,marria
2,maria,stmaria
2,mariah,marriah
2,mariah,meriah
2,mariah,moriah
2,mariah,muriah
2,marian,marien
2,marian,marrian
2,marie,stmarie
2,marietta,maretta
2,marietta,mariett
2,marietta,marretta
2,marietta,marrietta
2,marietta,maryett
2,marietta,maryetta
2,marietta,maryette
2,marinda,merinda
2,marinda,mirinda
2,marion,marrion
2,martha,marth
2,martha,marthe
2,martha,marther
2,martha,marthey
2,martha,marthie
2,martha,marthy
2,martha,mortha
2,martha,stmartha
2,marthia,marthea
2,martin,stmartin
2,martina,martena
2,mary,mairy
2,mary,maray
2,mary,marey
2,mary,mari
2,mary,marier
2,mary,marrie
2,mary,marry
2,mary,maryfw
2,mary,mery
2,mary,mry
2,mary,stmary
2,marys,stmarys
2,matilda,malilda
2,matilda,mat
2,matilda,matelda
2,matilda,mathie
2,matilda,mathilda
2,matilda,mathilde
2,matilda,mathy
2,matilda,matida
2,matilda,matie
2,matilda,matild
2,matilda,matilde
2,matilda,matildia
2,matilda,matildy
2,matilda,matillda
2,matilda,matt
2,matilda,matta
2,matilda,matte
2,matilda,mattey
2,matilda,matti
2,matilda,mattie
2,matilda,mattilda
2,matilda,matty
2,matilda,maty
2,matilda,metilda
2,matilda,mitilda
2,matilda,thilda
2,matilda,tilda
2,matilda,tildia
2,matilda,tildie
2,matilda,tildy
2,matilda,tilley
2,matilda,tillie
2,matilda,tilly
2,maud,mauda
2,maud,maude
2,maud,maudea
2,maud,maudie
2,maud,maudy
2,maximilian,maxie
2,maybelle,maybel
2,maybelle,maybell
2,mayme,maymefw
2,mehetabel,mahitable
2,mehetabel,mehetable
2,mehetabel,mehitable
2,melina,melena
2,melinda,malenda
2,melinda,malind
2,melinda,malinda
2,melinda,malinde
2,melinda,malindia
2,melinda,malindy
2,melinda,milinda
2,melinda,minda
2,melinda,mindy
2,melinda,molinda
2,melissa,malessa
2,melissa,malisa
2,melissa,malisey
2,melissa,malisia
2,melissa,malisie
2,melissa,malissa
2,melissa,malisse
2,melissa,malissey
2,melissa,malissia
2,melissa,malissie
2,melissa,malissy
2,melissa,mallisa
2,melissa,mallissa
2,melissa,melessa
2,melissa,melisa
2,melissa,melisia
2,melissa,melisse
2,melissa,melissia
2,melissa,melissie
2,melissa,mellisa
2,melissa,mellissa
2,melissa,milissa
2,melissa,millisa
2,melissa,millissa
2,melissa,missey
2,melissa,missie
2,melissa,missy
2,melissa,molissa
2,mercedes,merced
2,mercy,mercey
2,michaela,michael
2,michaela,michel
2,michaela,mickey
2,mildred,mildrid
2,minerva,manerva
2,minerva,manervey
2,minerva,manervia
2,minerva,manervy
2,minerva,maneva
2,minerva,manirva
2,minerva,manurva
2,minerva,menerva
2,minerva,menervia
2,minerva,menirva
2,minerva,minervia
2,minerva,minervy
2,minerva,mineva
2,minerva,minirva
2,minerva,minnerva
2,minerva,nerva
2,minerva,nervie
2,minerva,nervy
2,miranda,maranda
2,miranda,marandy
2,miranda,meranda
2,miranda,moranda
2,miriam,mariam
2,miriam,meriam
2,miriam,merriam
2,miriam,miram
2,miriam,mirian
2,miriam,mirriam
2,missouri,masouri
2,missouri,misoura
2,missouri,misouri
2,missouri,misouria
2,missouri,misourie
2,missouri,missoura
2,missouri,missouria
2,missouri,missourie
2,missouri,mosouri
2,mollie,moley
2,mollie,molie
2,mollie,molley
2,mollie,molly
2,monica,monika
2,myra,myrah
2,myra,myria
2,myrtle,mertie
2,myrtle,mertle
2,myrtle,mirtie
2,myrtle,mirtle
2,myrtle,murtie
2,myrtle,murtle
2,myrtle,murty
2,myrtle,myrtel
2,myrtle,myrtie
2,myrtle,mytle
2,nancy,mancy
2,nancy,nacy
2,nancy,nance
2,nancy,nancey
2,nancy,nancie
2,nancy,nansey
2,nancy,nansy
2,nannie,naney
2,nannie,nanie
2,nannie,nanney
2,nannie,nanni
2,nannie,nanny
2,nannie,nany
2,naomi,namie
2,naomi,naoma
2,naomi,naomia
2,naomi,naomie
2,naomi,naomy
2,naomi,neoma
2,naomi,neomi
2,narcissa,narcis
2,narcissa,narcisa
2,narcissa,narciss
2,narcissa,narsis
2,narcissa,narsissa
2,narcissus,narcisus
2,natalie,nathalie
2,natalie,nattie
2,nevada,navada
2,nina,nena
2,nina,ninna
2,ninnie,ninie
2,no,noname
2,nora,norah
2,nora,norra
2,octavia,octa
2,octavia,octava
2,octavia,octavie
2,octavia,octavo
2,odelia,adile
2,odelia,adilia
2,odelia,odele
2,odelia,odille
2,odelia,otie
2,odelia,otilie
2,odelia,otillia
2,odelia,ottelia
2,odelia,ottillia
2,odelia,ottillie
2,oh,ohhea
2,old,oldsarah
2,oliver,ollie
2,olivia,olava
2,olivia,olevia
2,olivia,olia
2,olivia,oliva
2,olivia,olivie
2,olivie,oley
2,olivie,olie
2,olivie,olla
2,olivie,olley
2,olivie,ollive
2,olivie,olly
2,olympia,olympe
2,ona,onarel
2,oorp,stoorp
2,ophelia,ofelia
2,ophelia,opelia
2,ophelia,ophilia
2,otelia,otilia
2,otelia,otilla
2,otelia,ottie
2,otelia,ottilia
2,otelia,ottilie
2,pamela,pamelia
2,pamela,pomelia
2,parthenia,barthena
2,parthenia,parthena
2,parthenia,partheny
2,parthenia,parthina
2,parthenia,perthena
2,patience,patient
2,patricia,pat
2,patricia,patcy
2,patricia,patsey
2,patricia,patsie
2,patricia,patsy
2,patricia,pattie
2,patricia,patty
2,paulina,palina
2,paulina,paulena
2,paulina,pelina
2,paulina,plina
2,paulina,polena
2,paulina,polina
2,pauline,paline
2,pauline,paulene
2,pauline,paulin
2,pauline,poline
2,pearl,pearle
2,pearl,pearley
2,pearl,pearlie
2,pearl,pearly
2,pearl,perl
2,pearl,perle
2,pearl,perley
2,pearl,perlie
2,pearl,perly
2,pearl,purl
2,pearl,purley
2,penelope,penelopy
2,penelope,penney
2,penelope,pennie
2,penelope,penny
2,penelope,peny
2,permelia,parmelia
2,permelia,permela
2,permelia,permilia
2,permelia,permilla
2,permelia,pernelia
2,persis,percis
2,philipa,felipa
2,philipina,philipena
2,philipina,phillipena
2,philipina,phillipina
2,philipina,philopena
2,philipine,philippine
2,philipine,phillipine
2,philome,saintphilome
2,philomena,filomena
2,philomena,phila
2,philomena,philamena
2,philomena,philena
2,philomena,philina
2,philomena,philomina
2,philomene,philomen
2,philomene,philomine
2,phoeba,pheba
2,phoeba,phebia
2,phoeba,pheoba
2,phoebe,febe
2,phoebe,febie
2,phoebe,feby
2,phoebe,feeby
2,phoebe,fibby
2,phoebe,phebe
2,phoebe,phebee
2,phoebe,phebey
2,phoebe,phebie
2,phoebe,pheby
2,phoebe,pheebe
2,phoebe,pheobe
2,phoebe,pheoby
2,phoebe,phobe
2,phoebe,phoebie
2,phoebe,phoeby
2,phyllis,fillis
2,phyllis,philis
2,phyllis,phillis
2,phyllis,phylis
2,pierre,stpierre
2,polly,polley
2,polly,pollie
2,povey,poveyjns
2,pow,powbitch
2,priscilla,cilla
2,priscilla,percella
2,priscilla,percilla
2,priscilla,persilla
2,priscilla,pracilla
2,priscilla,precilla
2,priscilla,prescilla
2,priscilla,presilla
2,priscilla,pricella
2,priscilla,pricilla
2,priscilla,priscella
2,priscilla,priscila
2,priscilla,prisilla
2,priscilla,prissie
2,priscilla,prissilla
2,priscilla,prissy
2,priscilla,prucilla
2,priscilla,silla
2,priscilla,sylla
2,priscilla,tillia
2,prudence,pruda
2,prudence,prudance
2,prudence,prudencia
2,prudence,prudie
2,prudence,prudy
2,rachel,rach
2,rachel,rachael
2,rachel,rachail
2,rachel,rachal
2,rachel,rachall
2,rachel,racheal
2,rachel,rachell
2,rachel,rachial
2,rachel,rachiel
2,rachel,rachil
2,rachel,ratchel
2,rachel,reachel
2,rebecca,becca
2,rebecca,beccy
2,rebecca,beck
2,rebecca,becka
2,rebecca,beckey
2,rebecca,beckie
2,rebecca,becky
2,rebecca,rabeca
2,rebecca,rabecca
2,rebecca,reb
2,rebecca,reba
2,rebecca,rebaca
2,rebecca,rebacca
2,rebecca,rebbeca
2,rebecca,rebbecca
2,rebecca,rebca
2,rebecca,rebcca
2,rebecca,rebeca
2,rebecca,rebecah
2,rebecca,rebeccah
2,rebecca,rebecha
2,rebecca,rebecia
2,rebecca,rebeck
2,rebecca,rebecka
2,rebecca,rebeckah
2,rebecca,rebecker
2,rebecca,rebeckey
2,rebecca,rebecky
2,rebecca,rebeka
2,rebecca,rebekah
2,rebecca,reca
2,rebecca,robecca
2,rebecca,rubecca
2,regina,ragena
2,regina,ragina
2,regina,regena
2,regina,regenia
2,regina,reginia
2,regina,rejina
2,rena,reny
2,rena,rhena
2,rena,rhina
2,rena,rina
2,rena,rinah
2,rhoda,rhodia
2,rhoda,rhodie
2,rhoda,rhody
2,rhoda,roda
2,rhoda,rodah
2,rhoda,rodie
2,rhoda,rody
2,rhula,rhulaa
2,robbin,rbbin
2,roberta,bobbie
2,roberta,robbie
2,roberta,robert
2,roberta,robertie
2,roberta,robie
2,roberta,robt
2,roberta,roby
2,roberta,ruberta
2,rosa,rossa
2,rosa,roza
2,rosabelle,rosabel
2,rosalia,rosala
2,rosalie,rosale
2,rosalie,rosalee
2,rosalie,roselie
2,rosamund,rosamond
2,rosamund,rosemond
2,rosanna,rosana
2,rosanna,rosanah
2,rosanna,rosannah
2,rosanna,roseana
2,rosanna,roseanna
2,rosanna,rosena
2,rosanna,rossana
2,rosanna,rozanna
2,rosanna,rozena
2,rosanne,rosan
2,rosanne,rosann
2,rosanne,rosean
2,rosanne,roseann
2,rosanne,rosey
2,rosanne,rosie
2,rosanne,rozina
2,rose,rosea
2,rose,rossie
2,rose,rosy
2,rose,rse
2,rose,saintrose
2,rosella,rosela
2,rosella,roselia
2,rosella,rosilla
2,rosella,rozella
2,rosetta,roseta
2,rosetta,rossetta
2,rosetta,rozetta
2,rosette,rosett
2,rosette,rosettie
2,rowena,roena
2,roxane,rocksey
2,roxane,rocksy
2,roxane,roxan
2,roxane,roxann
2,roxane,roxey
2,roxane,roxie
2,roxane,roxy
2,roxanna,roxa
2,roxanna,roxana
2,ruby,rubie
2,rufina,rufinamary
2,ruth,ruthe
2,ruth,ruthey
2,ruth,ruthie
2,ruth,ruthy
2,sabina,sebina
2,sabine,stsabine
2,sabrina,sabra
2,sabrina,sabre
2,sabrina,sobrina
2,salina,salena
2,salina,salenia
2,salina,silena
2,salina,silina
2,salome,salone
2,salome,soloma
2,salome,solome
2,samantha,cemantha
2,samantha,sam
2,samantha,samanth
2,samantha,samanthia
2,samantha,samanthy
2,samantha,samatha
2,samantha,sammie
2,samantha,semantha
2,samantha,symantha
2,sandoral,sandoralan
2,sandra,sandy
2,sarah,sada
2,sarah,saddie
2,sarah,sade
2,sarah,sadia
2,sarah,sadie
2,sarah,sady
2,sarah,sahra
2,sarah,sahrah
2,sarah,saidie
2,sarah,sal
2,sarah,saley
2,sarah,salie
2,sarah,salla
2,sarah,salle
2,sarah,salley
2,sarah,sallia
2,sarah,sallie
2,sarah,sally
2,sarah,saly
2,sarah,sara
2,sarah,saraah
2,sarah,saraha
2,sarah,saraheh
2,sarah,sarh
2,sarah,sarha
2,sarah,sariah
2,sarah,saroah
2,sarah,saroh
2,sarah,sarra
2,sarah,sarrah
2,sarah,sarry
2,sarah,sary
2,sarah,satie
2,sarah,sera
2,sarah,serah
2,sarah,serrah
2,sarah,zadie
2,sarilda,cerilda
2,sarilda,sarelda
2,sarilda,serelda
2,sarilda,serilda
2,sarilda,serrilda
2,sarilda,surilda
2,sarilda,surrilda
2,savannah,savana
2,savannah,savanah
2,savannah,savanna
2,sebastian,sebastianm
2,selene,selina
2,selina,selena
2,seraphina,seraphine
2,serena,cerena
2,serena,cyrena
2,serena,sarena
2,serena,sarina
2,serena,serene
2,serena,serenia
2,serena,serina
2,serena,serrena
2,serena,sirena
2,serena,sorena
2,serena,surena
2,serena,syrena
2,sidony,sedonia
2,sigrid,sigri
2,sophia,sofa
2,sophia,sofia
2,sophia,sofiah
2,sophia,sofie
2,sophia,sopha
2,sophia,sophe
2,sophia,sophey
2,sophia,sophi
2,sophia,sophiah
2,sophia,sophy
2,sophia,sopia
2,sophia,sopiah
2,sophronia,fronia
2,sophronia,safrona
2,sophronia,safronia
2,sophronia,saphrona
2,sophronia,saphronia
2,sophronia,sefrona
2,sophronia,sephrona
2,sophronia,sephronia
2,sophronia,sofrona
2,sophronia,sofronia
2,sophronia,sophonia
2,sophronia,sophrina
2,sophronia,sophrona
2,sophronia,sophronie
2,sophronia,sophrony
2,sophronia,sopronia
2,sophronia,suffrona
2,stacy,stacey
2,stella,stela
2,stella,stellie
2,stephen,ststephen
2,susan,sasan
2,susan,sausan
2,susan,sousan
2,susan,sousen
2,susan,sousin
2,susan,souson
2,susan,sue
2,susan,susane
2,susan,suse
2,susan,susen
2,susan,susey
2,susan,susia
2,susan,susian
2,susan,susie
2,susan,susin
2,susan,suson
2,susan,sussan
2,susan,sussie
2,susan,susun
2,susan,susy
2,susan,suzan
2,susan,suzen
2,susan,suzie
2,susan,suzzie
2,susann,susanne
2,susanna,suanna
2,susanna,susa
2,susanna,susana
2,susanna,susanah
2,susanna,susannah
2,susanna,sussana
2,susanna,sussanah
2,susanna,sussanna
2,susanna,suzana
2,susanna,suzanna
2,sybil,sibbie
2,sybil,sibby
2,sybil,sybel
2,sybilla,sabilla
2,sybilla,sibilla
2,sydney,sidney
2,sydney,sidny
2,sylvia,silva
2,sylvia,silvey
2,sylvia,silvia
2,sylvia,silvie
2,sylvia,silvy
2,sylvia,sylva
2,sylvia,sylvie
2,sylvia,sylvy
2,tabitha,tabatha
2,tabitha,tabbie
2,tabitha,tabby
2,tabitha,tabetha
2,tabitha,tebitha
2,tabitha,tibitha
2,tabitha,tobitha
2,talitha,telitha
2,talitha,tilitha
2,talitha,tolitha
2,tallulah,tallula
2,tallulah,talulah
2,tallulah,telula
2,tallulah,tulula
2,tamara,tamar
2,tamara,tamer
2,tamara,tamie
2,tamara,tammie
2,tamara,tammy
2,tamara,tamor
2,tamara,tamsey
2,tamara,tamy
2,temperance,tempa
2,temperance,tempe
2,temperance,tempey
2,temperance,tempie
2,temperance,tempy
2,tennessee,tennesee
2,tennessee,tennesse
2,thankful,thankfull
2,theodora,teodora
2,theodora,theadora
2,theodora,thedora
2,theodora,theo
2,theodora,theodoria
2,theodosia,dosia
2,theodosia,theadocia
2,theodosia,theadosia
2,theodosia,theodocia
2,theophila,teofila
2,theresa,sttheresa
2,theresa,taresa
2,theresa,taressa
2,theresa,terasa
2,theresa,teresa
2,theresa,terese
2,theresa,teresia
2,theresa,teressa
2,theresa,terisa
2,theresa,terissa
2,theresa,terrace
2,theresa,terresa
2,theresa,terressa
2,theresa,terrissa
2,theresa,terry
2,theresa,tessa
2,theresa,tessie
2,theresa,therasa
2,theresa,therese
2,theresa,theresea
2,theresa,theresia
2,theresa,theressa
2,theresa,therisa
2,theresa,therissa
2,theresa,therressa
2,theresa,thersa
2,theresa,thersia
2,theresa,threasa
2,theresa,thresa
2,theresa,threse
2,theresa,thresia
2,theresa,thressa
2,theresa,tracey
2,theresa,tracie
2,theresa,treacy
2,theresa,treasa
2,theresa,treasy
2,theresa,trecy
2,theresa,tresa
2,theresa,tresia
2,theresa,tressa
2,theresa,tressia
2,thomas,stthomas
2,thomasina,tomasa
2,thomasina,tommie
2,tirzah,thirza
2,tirzah,tirza
2,tyler,sttyler
2,ubaldina,ubaldinamar
2,urania,urana
2,urania,uranie
2,ursula,arsula
2,ursula,ersula
2,ursula,ursala
2,ursula,ursule
2,valerie,stvalerie
2,valerie,vallie
2,verna,vernie
2,veronica,veronika
2,vicenza,vicenzamary
2,victoria,vic
2,victoria,vick
2,victoria,victora
2,victory,victoire
2,victory,victorie
2,violet,vilet
2,violet,violett
2,violet,violetta
2,violet,violette
2,virginia,gennie
2,virginia,giney
2,virginia,ginney
2,virginia,ginnie
2,virginia,ginny
2,virginia,jenna
2,virginia,jiney
2,virginia,jinie
2,virginia,jinne
2,virginia,jinney
2,virginia,jinnie
2,virginia,jinny
2,virginia,vaginia
2,virginia,vergenia
2,virginia,vergie
2,virginia,vergina
2,virginia,verginia
2,virginia,viginia
2,virginia,virga
2,virginia,virgenia
2,virginia,virgia
2,virginia,virgie
2,virginia,virgin
2,virginia,virgina
2,virginia,virginie
2,virginia,virginnia
2,wealthy,welthy
2,wilhelmina,bill
2,wilhelmina,billie
2,wilhelmina,meena
2,wilhelmina,mena
2,wilhelmina,mina
2,wilhelmina,mine
2,wilhelmina,miney
2,wilhelmina,minie
2,wilhelmina,minn
2,wilhelmina,minna
2,wilhelmina,minne
2,wilhelmina,minney
2,wilhelmina,minni
2,wilhelmina,minnia
2,wilhelmina,minnie
2,wilhelmina,minny
2,wilhelmina,miny
2,wilhelmina,stwilliam
2,wilhelmina,welhelmina
2,wilhelmina,wilamina
2,wilhelmina,wilemina
2,wilhelmina,wilhelm
2,wilhelmina,wilhelmena
2,wilhelmina,wilhelmenia
2,wilhelmina,wilhelmia
2,wilhelmina,wilhelmin
2,wilhelmina,wilhelmine
2,wilhelmina,wilhelminia
2,wilhelmina,wilhemena
2,wilhelmina,wilhemina
2,wilhelmina,wilhemine
2,wilhelmina,will
2,wilhelmina,willa
2,wilhelmina,willamena
2,wilhelmina,willamina
2,wilhelmina,willast
2,wilhelmina,willemina
2,wilhelmina,willey
2,wilhelmina,willhelmina
2,wilhelmina,william
2,wilhelmina,williamina
2,wilhelmina,willie
2,wilhelmina,willimena
2,wilhelmina,willimina
2,wilhelmina,willmina
2,wilhelmina,willy
2,wilhelmina,wilma
2,wilhelmina,wilmena
2,wilhelmina,wilmina
2,william,wm
2,winifred,winaford
2,winifred,winafred
2,winifred,wincy
2,winifred,wineford
2,winifred,winefred
2,winifred,winey
2,winifred,winford
2,winifred,winfred
2,winifred,winie
2,winifred,winiford
2,winifred,winna
2,winifred,winne
2,winifred,winneford
2,winifred,winnefred
2,winifred,winney
2,winifred,winnie
2,winifred,winniefred
2,winifred,winniford
2,winifred,winnifred
2,winifred,winny
2,zerelda,rilda
2,zerelda,zarilda
2,zerelda,zerilda
2,zillah,zilla
2,zilpah,zelpha
2,zilpah,zelphia
2,zilpah,zillah
2,zilpah,zilpha
2,zilpah,zilphia
2,zilpah,zilphy
2,zilpah,zylpha
2,zilpah,zylphia
2,zoe,zoa